Tumor_Names,edition_5th,edition_4th,edition_3rd
"primary cutaneous peripheral t-cell lymphoma, unspecified",No,No,Yes
"primary cutaneous ptl, unspecified",No,No,Yes
"diffuse large b-cell lymphoma, leg-type",No,No,Yes
"diffuse large b-cell lymphoma, other",No,No,Yes
"parapsoriasis – large patch type, with or without poikiloderma",No,No,Yes
"parapsoriasis – large patch type, with poikiloderma",No,No,Yes
"parapsoriasis – large patch type, without poikiloderma",No,No,Yes
"clear cell carcinoma, n.o.s.",No,No,Yes
"adenocarcinoma, n.o.s.",No,No,Yes
"cystic, partially differentiated nephroblastoma",No,No,Yes
"invasive ductal carcinoma, nos",No,No,Yes
"invasive ductal carcinoma, not otherwise specified",No,No,Yes
"periductal stromal sarcoma, low grade",No,No,Yes
"chronic myeloproliferative disease, unclassifiable",No,No,Yes
"myelodysplastic syndrome, unclassifiable",No,Yes,Yes
"aml, minimally differentiated",No,No,Yes
"peripheral t-cell lymphoma, unspecified",No,No,Yes
"dendritic-cell sarcoma, not otherwise specified",No,No,Yes
"schwannoma (neurilemmoma, neurinoma)",No,No,Yes
schwannoma (neurilemmoma),No,No,Yes
schwannoma (neurinoma),No,No,Yes
"mesenchymal, non-meningothelial tumors",No,Yes,Yes
cutaneous adult t-cell leukaemia / lymphoma,No,No,Yes
cutaneous adult t-cell leukaemia,No,Yes,Yes
cutaneous adult t-cell lymphoma,No,Yes,Yes
t-cell / histiocyte-rich large b-cell lymphoma,No,No,Yes
chronic lymphocytic leukaemia / small lymphocytic lymphoma,No,Yes,Yes
chronic lymphocytic leukaemia,Yes,Yes,Yes
small lymphocytic lymphoma,Yes,Yes,Yes
primary malignant peripheral primitive neuroectodermal tumour (pnet) / extraskeletal ewing sarcoma (es),No,No,Yes
primary malignant peripheral primitive neuroectodermal tumour (pnet),No,No,Yes
extraskeletal ewing sarcoma (es),No,No,Yes
nerve sheath myxoma / neurothekeoma,No,No,Yes
nerve sheath myxoma,No,No,Yes
neurothekeoma,No,No,Yes
papilloma / papillomatosis,No,No,Yes
papilloma,No,No,Yes
papillomatosis,No,No,Yes
odontogenic fibroma / fibroodontoma,No,No,Yes
odontogenic fibroma,Yes,Yes,Yes
fibroodontoma,No,No,Yes
odontogenic myxoma / myxofibroma,No,No,Yes
odontogenic myxoma,Yes,Yes,Yes
myxofibroma,No,No,Yes
renal carcinomas associated with xp11.2 translocations / tfe3 gene fusions,No,No,Yes
neural / neuroendocrine tumours,No,No,Yes
neural  tumours,No,No,Yes
neuroendocrine tumours,Yes,No,Yes
paraganglioma / phaeochromocytoma,No,No,Yes
paraganglioma,Yes,Yes,Yes
phaeochromocytoma,Yes,Yes,Yes
sex cord / gonadal stromal tumours,No,No,Yes
sex cord tumours,No,No,Yes
gonadal stromal tumours,No,No,Yes
thecoma/fibroma tumours,No,No,Yes
thecoma tumours,No,No,Yes
fibroma tumours,No,No,Yes
malignant sex cord / gonadal stromal tumours,No,No,Yes
malignant sex cord tumours,No,No,Yes
lymphoid / histiocytic tumours,No,No,Yes
lymphoid  tumours,No,No,Yes
histiocytic tumours,Yes,No,Yes
epithelioid haemangioendothelioma / angiosarcoma,No,No,Yes
epithelioid haemangioendothelioma,Yes,Yes,Yes
epithelioid angiosarcoma,No,No,Yes
precursor t-lymphoblastic lymphoma / leukaemia,No,No,Yes
precursor t-lymphoblastic lymphoma,No,No,Yes
precursor t-lymphoblastic leukaemia,No,No,Yes
grey zone lymphoma hodgkin / nhl,No,No,Yes
grey zone lymphoma hodgkin,No,No,Yes
grey zone lymphoma nhl,No,No,Yes
pleomorphic malignant fibrous histiocytoma / undifferentiated pleomorphic sarcoma,No,No,Yes
pleomorphic malignant fibrous histiocytoma,No,No,Yes
undifferentiated pleomorphic sarcoma,Yes,Yes,Yes
small cell / oat cell carcinoma,No,No,Yes
small cell carcinoma,No,Yes,Yes
oat cell carcinoma,No,No,Yes
mixed epithelial/mesenchymal metaplastic carcinomas,No,No,Yes
radial scar / complex sclerosing lesion,Yes,No,Yes
radial scar,Yes,Yes,Yes
complex sclerosing lesion,Yes,Yes,Yes
lipoblastoma / lipoblastomatosis,No,No,Yes
lipoblastoma,Yes,Yes,Yes
lipoblastomatosis,Yes,No,Yes
spindle cell lipoma / pleomorphic lipoma,No,No,Yes
spindle cell lipoma,Yes,Yes,Yes
pleomorphic lipoma,Yes,Yes,Yes
atypical lipomatous tumour / well differentiated liposarcoma,No,No,Yes
atypical lipomatous tumour,Yes,Yes,Yes
well differentiated liposarcoma,No,No,Yes
fibroblastic / myofibroblastic tumours,No,No,Yes
fibroblastic tumours,Yes,No,Yes
myofibroblastic tumours,Yes,No,Yes
myofibroma / myofibromatosis,No,No,Yes
myofibroma,Yes,Yes,Yes
myofibromatosis,Yes,Yes,Yes
pleomorphic malignant fibrous histiocytoma / undifferentiated high grade pleomorphic sarcoma,No,No,Yes
undifferentiated high grade pleomorphic sarcoma,No,No,Yes
giant cell malignant fibrous histiocytoma / undifferentiated pleomorphic sarcoma with giant cells,No,No,Yes
giant cell malignant fibrous histiocytoma,No,No,Yes
undifferentiated pleomorphic sarcoma with giant cells,No,No,Yes
inflammatory malignant fibrous histiocytoma / undifferentiated pleomorphic sarcoma with prominent inflammation,No,No,Yes
inflammatory malignant fibrous histiocytoma,No,No,Yes
undifferentiated pleomorphic sarcoma with prominent inflammation,No,No,Yes
mixed tumour / myoepithelioma / parachordoma,No,No,Yes
mixed tumour,Yes,Yes,Yes
myoepithelioma,Yes,Yes,Yes
parachordoma,No,No,Yes
ewing sarcoma / primitive neuroectodermal tumour,No,No,Yes
ewing sarcoma,Yes,Yes,Yes
primitive neuroectodermal tumour,No,No,Yes
ewing tumour / pnet,No,No,Yes
ewing tumour,No,No,Yes
pnet,No,No,Yes
chronic eosinophilic leukaemia / hypereosinophilic syndrome,No,No,Yes
chronic eosinophilic leukaemia,Yes,No,Yes
hypereosinophilic syndrome,No,No,Yes
myelodysplastic / myeloproliferative diseases,No,No,Yes
myelodysplastic diseases,No,No,Yes
myeloproliferative diseases,No,No,Yes
precursor b-lymphoblastic leukaemia/lymphoma,No,No,Yes
precursor b-lymphoblastic leukaemia,No,No,Yes
precursor b-lymphoblastic lymphoma,No,No,Yes
precursor t-lymphoblastic leukaemia/lymphoma,No,No,Yes
lymphoplasmacytic lymphoma / waldenström macroglobulinaemia,No,No,Yes
lymphoplasmacytic lymphoma,Yes,Yes,Yes
waldenström macroglobulinaemia,No,No,Yes
burkitt lymphoma / leukaemia,No,No,Yes
burkitt lymphoma,Yes,Yes,Yes
burkitt leukaemia,No,No,Yes
adult t-cell leukaemia / lymphoma,No,No,Yes
adult t-cell leukaemia,Yes,Yes,Yes
adult t-cell lymphoma,Yes,Yes,Yes
mycosis fungoides / sézary syndrome,No,No,Yes
mycosis fungoides,Yes,Yes,Yes
sézary syndrome,No,Yes,Yes
interdigitating dendritic cell sarcoma/tumour,No,No,Yes
interdigitating dendritic cell sarcoma,Yes,Yes,Yes
interdigitating dendritic cell tumour,No,No,Yes
follicular dendritic cell sarcoma/tumour,No,No,Yes
follicular dendritic cell sarcoma,Yes,Yes,Yes
follicular dendritic cell tumour,No,No,Yes
desmoplastic infantile astrocytoma/ganglioglioma,No,No,Yes
desmoplastic infantile astrocytoma,Yes,Yes,Yes
desmoplastic infantile ganglioglioma,Yes,Yes,Yes
atypical teratoid/rhabdoid tumor,No,Yes,Yes
"extranodal nk/t-cell lymphoma, nasal-type",No,No,Yes
"myelodysplastic / myeloproliferative diseases, unclassifiable",No,No,Yes
"aml with t(8;21)(q22;q22), (aml1/eto)",No,No,Yes
"aml with inv(16)(p13q22) or t(16;16)(p13;q22), (cbfβ/myh11)",No,No,Yes
"extranodal nk/t-cell lymphoma, nasal type",No,Yes,Yes
desmoplastic melanoma and desmoplastic neurotropic melanoma,No,No,Yes
desmoplastic melanoma,Yes,Yes,Yes
desmoplastic neurotropic melanoma,No,No,Yes
persistent melanoma and local metastasis of melanoma,No,No,Yes
persistent melanoma,No,No,Yes
local metastasis of melanoma,No,No,Yes
naevus of ito and naevus of ota,Yes,Yes,Yes
naevus of ito,Yes,Yes,Yes
naevus of ota,Yes,Yes,Yes
site specific and meyerson naevus,No,No,Yes
malignant tumours with apocrine and eccrine differentiation,No,No,Yes
paget disease and extramammary paget disease,No,No,Yes
paget disease,Yes,Yes,Yes
extramammary paget disease,Yes,Yes,Yes
benign tumours with apocrine and eccrine differentiation,No,No,Yes
tubular and tubular papillary adenoma,No,No,Yes
smooth and skeletal muscle tumours,No,No,Yes
smooth muscle tumours,Yes,No,Yes
skeletal muscle tumours,Yes,No,Yes
tumours of the nasal cavity and paranasal sinuses,No,No,Yes
tumours of the nasal cavity,No,No,Yes
tumours of the paranasal sinuses,No,No,Yes
salivary gland-type carcinomas,No,No,Yes
salivary gland-type adenomas,No,No,Yes
borderline and lmp tumours,No,No,Yes
borderline tumours,No,No,Yes
lmp tumours,No,No,Yes
tumours of bone and cartilage,No,No,Yes
tumours of bone,No,Yes,Yes
tumours of cartilage,No,No,Yes
malignant salivary gland-type tumours,No,No,Yes
benign salivary gland-type tumours,No,No,Yes
tumours of the oral cavity and oropharynx,No,No,Yes
tumours of the oral cavity,No,No,Yes
tumours of the oropharynx,No,No,Yes
salivary gland tumours,Yes,Yes,Yes
tumours of the salivary glands,No,No,Yes
tumours of ceruminous glands,No,No,Yes
osteoma and exostosis,No,No,Yes
osteoma,Yes,Yes,Yes
exostosis,No,No,Yes
cholesterol granuloma and cholesteatoma,No,No,Yes
cholesterol granuloma,No,No,Yes
cholesteatoma,Yes,Yes,Yes
nephrogenic rests and nephroblastomatosis,No,No,Yes
nephrogenic rests,Yes,No,Yes
nephroblastomatosis,No,No,Yes
mixed epithelial and stromal tumour,No,No,Yes
glandular neoplasms,Yes,Yes,Yes
metastatic tumours and secondary extension,No,No,Yes
tumours of the renal pelvis and ureter,No,No,Yes
tumours of the renal pelvis,No,No,Yes
tumours of the ureter,No,No,Yes
tumours of the testis and paratesticular tissue,No,Yes,Yes
tumours of the testis,Yes,Yes,Yes
tumours of the paratesticular tissue,No,Yes,Yes
lymphoma and plasmacytoma and paratesticular tissues,No,No,Yes
lymphoma,Yes,Yes,Yes
plasmacytoma,Yes,Yes,Yes
paratesticular tissues,No,No,Yes
tumours of collecting ducts and rete,No,No,Yes
tumours of collecting ducts,No,No,Yes
tumours of rete,No,No,Yes
tumors of the thyroid and parathyroid,No,No,Yes
tumors of the thyroid,No,No,Yes
tumors of the parathyroid,No,No,Yes
mixed medullary and follicular cell carcinoma,No,No,Yes
primary lymphoma and plasmacytoma,No,No,Yes
primary lymphoma,No,No,Yes
primary plasmacytoma,No,No,Yes
tumors of the adrenal gland,No,No,Yes
acth and other ectopic hormone producing tumours,No,No,Yes
acth producing tumours,No,No,Yes
other ectopic hormone producing tumours,No,No,Yes
squamous dysplasia and carcinoma in situ,No,No,Yes
squamous dysplasia,No,No,Yes
carcinoma in situ,Yes,No,Yes
glandular papilloma,No,Yes,Yes
adenomas of salivary gland type,No,No,Yes
mucous gland adenoma,No,Yes,Yes
myeloid sarcoma and extramedullary aml,No,No,Yes
myeloid sarcoma,Yes,Yes,Yes
extramedullary aml,No,No,Yes
fibrosarcoma and myxosarcoma,No,No,Yes
fibrosarcoma,No,Yes,Yes
myxosarcoma,No,No,Yes
malignant lymphoma and metastatic tumours,No,No,Yes
malignant lymphoma,No,No,Yes
metastatic tumours,No,Yes,Yes
tumours of the ovary and peritoneum,No,No,Yes
tumours of the ovary,Yes,No,Yes
tumours of the peritoneum,Yes,No,Yes
tumours and related lesions of the rete ovarii,No,No,Yes
miscellaneous tumours and tumour-like lesions,No,No,Yes
lymphomas and leukaemias,No,No,Yes
lymphomas,Yes,Yes,Yes
leukaemias,No,No,Yes
tumours of the fallopian tube and uterine ligaments,No,No,Yes
tumours of the fallopian tube,Yes,No,Yes
tumours of the uterine ligaments,No,No,Yes
epithelial tumours and related lesions,No,No,Yes
mesenchymal tumours and related lesions,No,No,Yes
endometrial stromal and related tumours,Yes,No,Yes
mixed epithelial and mesenchymal tumours,Yes,No,Yes
squamous tumours and precursors,No,No,Yes
glandular tumours and precursors,Yes,No,Yes
glandular tumours,Yes,No,Yes
familial aggregation of cancers of the breast and female genital organs,No,No,Yes
cystadenocarcinoma and columnar cell mucinous carcinoma,No,No,Yes
cystadenocarcinoma,No,No,Yes
columnar cell mucinous carcinoma,No,No,Yes
microglandular adenosis,Yes,Yes,Yes
proliferative fasciitis and proliferative myositis,Yes,Yes,Yes
proliferative fasciitis,Yes,Yes,Yes
proliferative myositis,Yes,Yes,Yes
myositis ossificans and fibroosseous pseudotumour of digits,No,No,Yes
myositis ossificans,Yes,Yes,Yes
fibroosseous pseudotumour of digits,No,No,Yes
extrapleural solitary fibrous tumour and haemangiopericytoma,No,No,Yes
extrapleural solitary fibrous tumour,No,Yes,Yes
haemangiopericytoma,No,Yes,Yes
haemangioma and related lesions,No,No,Yes
congenital and inherited syndromes,No,No,Yes
enchondromatosis: ollier disease and maffucci syndrome,No,Yes,Yes
enchondromatosis,Yes,Yes,Yes
ollier disease,No,Yes,Yes
maffucci syndrome,No,Yes,Yes
acute monoblastic and monocytic leukaemia,No,Yes,Yes
acute monoblastic leukaemia,No,Yes,Yes
acute monocytic leukaemia,Yes,Yes,Yes
precursor b- and t-cell neoplasms,No,No,Yes
precursor b-cell neoplasms,Yes,No,Yes
precursor t-cell neoplasms,Yes,No,Yes
mature t-cell and nk-cell neoplasms,Yes,No,Yes
mature t-cell neoplasms,Yes,Yes,Yes
mature nk-cell neoplasms,Yes,Yes,Yes
histiocytic and dendritic cell neoplasms,Yes,Yes,Yes
histiocytic cell neoplasms,No,Yes,Yes
dendritic cell neoplasms,Yes,Yes,Yes
neuronal and mixed neuronal-glial tumors,No,Yes,Yes
neuronal tumors,No,Yes,Yes
mixed neuronal-glial tumors,No,Yes,Yes
neuroblastomas of the adrenal gland and sympathetic nervous system,No,No,Yes
neuroblastomas of the adrenal gland,No,No,Yes
neuroblastomas of the sympathetic nervous system,No,No,Yes
lymphomas and hemopoietic neoplasms,No,No,Yes
hemopoietic neoplasms,No,No,Yes
secondary tumours and melanoma,No,No,Yes
secondary tumours,No,No,Yes
melanoma,Yes,Yes,Yes
tumours of the colon and rectum,Yes,Yes,Yes
tumours of the colon,Yes,Yes,Yes
tumours of the rectum,Yes,Yes,Yes
tumours of the liver and intrahepatic bile ducts,Yes,Yes,Yes
tumours of the liver,Yes,Yes,Yes
tumours of the intrahepatic bile ducts,Yes,Yes,Yes
combined hepatocellular and cholangiocarcinoma,No,No,Yes
bile duct cystadenoma and cystadenocarcinoma,No,No,Yes
bile duct cystadenoma,No,No,Yes
tumours of the gallbladder and extrahepatic bile ducts,Yes,Yes,Yes
tumours of the gallbladder,Yes,Yes,Yes
tumours of the extrahepatic bile ducts,Yes,Yes,Yes
neural and mesenchymal tumours,No,No,Yes
neural tumours,Yes,No,Yes
mesenchymal tumours,Yes,Yes,Yes
"fibrous, fibrohistiocytic and histiocytic tumours",No,No,Yes
fibrous tumours,Yes,No,Yes
fibrohistiocytic tumours,Yes,No,Yes
"palisaded, encapsulated neuroma and traumatic neuroma",No,No,Yes
"palisaded, encapsulated neuroma",No,No,Yes
traumatic neuroma,No,No,Yes
"tumours of the hypopharynx, larynx, and trachea",No,No,Yes
tumours of the hypopharynx,No,No,Yes
tumours of the larynx,No,No,Yes
tumours of the trachea,No,No,Yes
"familial paraganglioma-phaeochromocytoma syndromes caused by sdhb, sdhc, and sdhd mutations",No,No,Yes
"melanotic, germ cell, lymphoid and secondary tumours of the cervix",No,No,Yes
"melanotic, neuroectodermal, lymphoid and secondary tumours",No,No,Yes
melanotic tumours,No,No,Yes
neuroectodermal tumours,No,No,Yes
lymphoid tumours,No,Yes,Yes
"germ cell, neuroectodermal, lymphoid and secondary tumours",No,No,Yes
germ cell  tumours,No,No,Yes
"myogenic, lipogenic, neural, and epithelial tumours",No,No,Yes
myogenic tumours,No,No,Yes
lipogenic tumours,No,No,Yes
epithelial tumours,Yes,No,Yes
"acute myeloid leukaemia and myelodysplastic syndrome, therapy related",No,No,Yes
"acute myeloid leukaemia, therapy related",No,No,Yes
"myelodysplastic syndrome, therapy related",No,No,Yes
precursor t-lymphoblastic leukaemia / lymphoma and precursor b-lymphoblastic leukaemia / lymphoma,No,No,Yes
precursor b-lymphoblastic leukaemia / lymphoma,No,No,Yes
tumours containing both germ cell and sex cord / gonadal stromal elements,No,No,Yes
mpnst with divergent mesenchymal and/or epithelial differentiation,No,No,Yes
mpnst with divergent mesenchymal differentiation,No,No,Yes
mpnst with divergent epithelial differentiation,No,No,Yes
"sex cord-like, neuroectodermal / neuroendocrine tumours, lymphomas and leukaemias",No,No,Yes
"acute promyelocytic leukaemia (aml with t(15;17)(q22;q12), (pml/rarα) and variants)",No,No,Yes
keratinocytic tumours,Yes,Yes,Yes
basal cell carcinoma,Yes,Yes,Yes
superficial basal cell carcinoma,Yes,Yes,Yes
nodular basal cell carcinoma,Yes,Yes,Yes
micronodular basal cell carcinoma,Yes,Yes,Yes
infiltrating basal cell carcinoma,Yes,Yes,Yes
fibroepithelial basal cell carcinoma,Yes,Yes,Yes
basal cell carcinoma with adnexal differentiation,Yes,Yes,Yes
basosquamous carcinoma,Yes,Yes,Yes
keratotic basal cell carcinoma,No,No,Yes
other variants,No,No,Yes
squamous cell carcinoma,Yes,Yes,Yes
acantholytic squamous cell carcinoma,Yes,Yes,Yes
spindle-cell squamous cell carcinoma,No,No,Yes
verrucous squamous cell carcinoma,Yes,Yes,Yes
pseudovascular squamous cell carcinoma,No,No,Yes
adenosquamous carcinoma,Yes,Yes,Yes
bowen disease,No,No,Yes
bowenoid papulosis,No,No,Yes
actinic keratosis,Yes,Yes,Yes
arsenical keratosis,Yes,Yes,Yes
puva keratosis,Yes,Yes,Yes
verrucas,No,No,Yes
verruca vulgaris,Yes,Yes,Yes
verruca plantaris,Yes,Yes,Yes
verruca plana,Yes,Yes,Yes
acanthomas,No,No,Yes
epidermolytic acanthoma,No,No,Yes
warty dyskeratoma,Yes,Yes,Yes
acantholytic acanthoma,No,No,Yes
lentigo simplex,No,No,Yes
seborrhoeic keratosis,Yes,Yes,Yes
melanoacanthoma,No,No,Yes
clear cell acanthoma,Yes,Yes,Yes
large cell acanthoma,Yes,Yes,Yes
keratoacanthoma,Yes,Yes,Yes
lichen planus-like keratosis,Yes,Yes,Yes
melanocytic tumours,Yes,Yes,Yes
malignant melanoma,No,Yes,Yes
superficial spreading melanoma,No,No,Yes
nodular melanoma,Yes,Yes,Yes
lentigo maligna,No,No,Yes
acral-lentiginous melanoma,No,No,Yes
melanoma arising from blue naevus,No,No,Yes
melanoma arising in giant congenital naevus,Yes,No,Yes
childhood melanoma,No,No,Yes
naevoid melanoma,Yes,No,Yes
congenital melanocytic naevus,Yes,Yes,Yes
blue naevus,Yes,Yes,Yes
common blue naevus,No,No,Yes
mongolian spot,No,Yes,Yes
cellular blue naevus,No,Yes,Yes
deep penetrating naevus,No,Yes,Yes
combined naevus,Yes,No,Yes
melanotic macules,No,No,Yes
simple lentigo – lentiginous melanocytic naevus,No,No,Yes
dysplastic naevus,Yes,Yes,Yes
acral naevus,Yes,Yes,Yes
genital naevus,Yes,Yes,Yes
meyerson naevus,Yes,Yes,Yes
persistent (recurrent) melanocytic naevus,No,No,Yes
spitz naevus,Yes,No,Yes
pigmented spindle cell naevus (reed),No,No,Yes
halo naevus,Yes,Yes,Yes
appendageal tumours,Yes,Yes,Yes
tubular carcinoma,Yes,Yes,Yes
microcystic adnexal carcinoma,Yes,Yes,Yes
malignant mixed tumour,Yes,Yes,Yes
porocarcinoma,Yes,Yes,Yes
spiradenocarcinoma,No,No,Yes
hidradenocarcinoma,Yes,Yes,Yes
mucinous carcinoma,Yes,Yes,Yes
digital papillary carcinoma,No,No,Yes
adenoid cystic carcinoma,Yes,Yes,Yes
apocrine carcinoma,Yes,Yes,Yes
hidrocytoma,No,No,Yes
syringoma,Yes,Yes,Yes
poroma,Yes,Yes,Yes
syringofibroadenoma,Yes,Yes,Yes
hidradenoma,Yes,Yes,Yes
spiradenoma,Yes,Yes,Yes
cylindroma,Yes,Yes,Yes
syringocystadenoma papilliferum,Yes,Yes,Yes
hidradenoma papilliferum,Yes,Yes,Yes
haematolymphoid tumours,Yes,No,Yes
mycosis fungoides (mf),No,No,Yes
pagetoid reticulosis,No,Yes,Yes
syringotropic mf,No,No,Yes
folliculotropic mf,No,No,Yes
granulomatous mf,No,No,Yes
granulomatous slack skin,No,Yes,Yes
cd30+ t-cell lymphoproliferative disorders,No,No,Yes
lymphomatoid papulosis (lyp),No,No,Yes
primary cutaneous anaplastic large-cell lymphoma,No,No,Yes
subcutaneous panniculitis-like t-cell lymphoma,Yes,Yes,Yes
cutaneous γδ t-cell lymphoma,No,No,Yes
primary cutaneous aggressive epidermotropic cd8+ cytotoxic t-cell lymphoma,No,No,Yes
primary cutaneous small-medium cd4+ t-cell lymphoma,No,No,Yes
hydroa vacciniforme-like cutaneous t-cell lymphoma,No,No,Yes
cutaneous involvement in primary extranodal t-cell lymphoma,No,No,Yes
systemic anaplastic large cell lymphoma (alcl),No,No,Yes
angioimmunoblastic t-cell lymphoma (aitl),No,No,Yes
cutaneous marginal zone b-cell lymphoma,No,No,Yes
cutaneous follicle centre lymphoma,Yes,No,Yes
cutaneous diffuse large b-cell lymphoma,No,No,Yes
plasmablastic lymphoma,Yes,Yes,Yes
secondary skin involvement by diffuse large b-cell lymphoma,No,No,Yes
intravascular large b-cell lymphoma,Yes,Yes,Yes
lymphomatoid granulomatosis,Yes,Yes,Yes
cutaneous involvement in primary extracutaneous b-cell lymphoma,No,No,Yes
mantle cell lymphoma,Yes,Yes,Yes
hodgkin lymphoma,Yes,Yes,Yes
blastic nk-cell lymphoma,No,No,Yes
cutaneous involvement by myeloid leukaemia,No,No,Yes
lymphoid infiltrates of the skin mimicking lymphoma,No,No,Yes
parapsoriasis,No,No,Yes
small plaque parapsoriasis,No,No,Yes
langerhans cell histiocytosis,Yes,Yes,Yes
indeterminate cell histiocytosis,No,Yes,Yes
sinus histiocytosis with massive lymphadenopathy (rosai-dorfman),No,No,Yes
juvenile xanthogranuloma,Yes,Yes,Yes
reticulohistiocytosis,Yes,Yes,Yes
mastocytosis,Yes,Yes,Yes
soft tissue tumours,Yes,Yes,Yes
vascular tumours,Yes,No,Yes
haemangioma of infancy,No,No,Yes
cherry haemangioma,Yes,No,Yes
sinusoidal haemangioma,Yes,Yes,Yes
hobnail haemangioma,Yes,Yes,Yes
glomeruloid haemangioma,Yes,Yes,Yes
microvenular haemangioma,Yes,Yes,Yes
angiomyolipid hyperplasia with eosinophilia,No,No,Yes
spindle cell haemangioma,Yes,Yes,Yes
tufted angioma,Yes,No,Yes
bacillary angiomatosis,No,No,Yes
reactive angioendotheliomatosis,No,No,Yes
verrucous haemangioma,No,No,Yes
pyogenic granuloma,No,No,Yes
cavernous haemangioma,No,Yes,Yes
angiokeratomas,No,No,Yes
arteriovenous haemangioma,Yes,No,Yes
cutaneous angiosarcoma,Yes,Yes,Yes
lymphangio tumours,No,No,Yes
lymphangioma circumscriptum,No,No,Yes
progressive lymphangioma,No,No,Yes
smooth muscle hamartoma,Yes,No,Yes
pilar leiomyoma,No,No,Yes
cutaneous leiomyosarcoma,No,No,Yes
rhabdomyomatous mesenchymal hamartoma,No,No,Yes
keloid scar,No,No,Yes
hypertrophic scar,No,No,Yes
dermatofibroma,No,Yes,Yes
infantile myofibromatosis,No,No,Yes
sclerotic fibroma,Yes,Yes,Yes
digital mucous cyst,No,No,Yes
digital fibrokeratoma,No,No,Yes
pleomorphic fibroma,Yes,Yes,Yes
giant cell fibroblastoma,Yes,Yes,Yes
dermatofibrosarcoma protuberans,Yes,Yes,Yes
dermatofibroma (fibrous histiocytoma),Yes,No,Yes
palisaded encapsulated neuroma,No,No,Yes
merkel cell carcinoma,Yes,Yes,Yes
granular cell tumour,Yes,Yes,Yes
inherited tumour syndromes,No,No,Yes
familial cutaneous melanoma,No,No,Yes
xeroderma pigmentosum,No,Yes,Yes
naevoid basal cell carcinoma (gorlin) syndrome,No,No,Yes
cowden syndrome,No,Yes,Yes
carney complex,No,Yes,Yes
lymphoepithelial carcinoma,Yes,Yes,Yes
sinonasal undifferentiated carcinoma,Yes,Yes,Yes
adenocarcinoma,No,Yes,Yes
benign epithelial tumours,Yes,No,Yes
schneiderian papillomas,No,No,Yes
respiratory epithelial adenomatoid hamartoma,Yes,Yes,Yes
malignant soft tissue tumours,No,No,Yes
benign soft tissue tumours,No,No,Yes
malignant tumours,Yes,No,Yes
benign tumours,Yes,No,Yes
germ cell tumours,Yes,Yes,Yes
tumours of the nasopharynx,No,No,Yes
nasopharyngeal carcinoma,Yes,Yes,Yes
papillary adenocarcinoma,No,Yes,Yes
nasopharyngeal angiofibroma,No,Yes,Yes
verrucous carcinoma,No,Yes,Yes
basaloid squamous cell carcinoma,Yes,Yes,Yes
papillary squamous cell carcinoma,Yes,Yes,Yes
spindle cell carcinoma,No,No,Yes
giant cell carcinoma,No,Yes,Yes
epithelial precursor lesions,No,No,Yes
inflammatory myofibroblastic tumour,Yes,Yes,Yes
mucosal malignant melanoma,No,No,Yes
proliferative verrucous leukoplakia,Yes,Yes,Yes
precancerous conditions,No,No,Yes
papillomas,Yes,Yes,Yes
papillary hyperplasia,No,No,Yes
median rhomboid glossitis,No,No,Yes
kaposi sarcoma,Yes,Yes,Yes
lymphangioma,Yes,Yes,Yes
ectomesenchymal chondromyxoid tumour,Yes,No,Yes
focal oral mucinosis,No,No,Yes
congenital granular cell epulis,Yes,Yes,Yes
acinic cell carcinoma,Yes,Yes,Yes
mucoepidermoid carcinoma,Yes,Yes,Yes
polymorphous low-grade adenocarcinoma,No,No,Yes
epithelial-myoepithelial carcinoma,Yes,Yes,Yes
basal cell adenocarcinoma,Yes,Yes,Yes
malignant sebaceous tumours,No,No,Yes
low-grade cribriform cystadenocarcinoma,No,No,Yes
mucinous adenocarcinoma,Yes,No,Yes
oncocytic carcinoma,No,Yes,Yes
salivary duct carcinoma,Yes,Yes,Yes
myoepithelial carcinoma,Yes,Yes,Yes
carcinoma ex pleomorphic adenoma,Yes,Yes,Yes
carcinosarcoma,No,Yes,Yes
metastasizing pleomorphic adenoma,No,No,Yes
large cell carcinoma,No,Yes,Yes
sialoblastoma,Yes,Yes,Yes
pleomorphic adenoma,Yes,Yes,Yes
basal cell adenoma,Yes,Yes,Yes
warthin tumour,Yes,No,Yes
oncocytoma,Yes,Yes,Yes
canalicular adenoma,Yes,Yes,Yes
sebaceous adenoma,Yes,Yes,Yes
lymphadenomas,No,No,Yes
ductal papillomas,Yes,Yes,Yes
cystadenoma,Yes,Yes,Yes
haemangioma,Yes,Yes,Yes
odontogenic tumours,Yes,No,Yes
ameloblastic carcinomas,No,No,Yes
ameloblastomas,No,No,Yes
squamous odontogenic tumour,Yes,No,Yes
calcifying epithelial odontogenic tumour,Yes,No,Yes
adenomatoid odontogenic tumour,Yes,No,Yes
keratocystic odontogenic tumour,No,No,Yes
cementoblastoma,Yes,Yes,Yes
bone related lesions,No,No,Yes
ossifying fibroma,Yes,Yes,Yes
fibrous dysplasia,Yes,Yes,Yes
osseous dysplasias,No,No,Yes
central giant cell lesion,No,No,Yes
cherubism,Yes,Yes,Yes
aneurysmal bone cyst,Yes,Yes,Yes
simple bone cyst,Yes,Yes,Yes
tumours of the ear,No,No,Yes
embryonal rhabdomyosarcoma,Yes,Yes,Yes
angiolymphoid hyperplasia with eosinophilia,No,No,Yes
kimura disease,No,No,Yes
idiopathic pseudocystic chondromalacia,No,No,Yes
chondrodermatitis nodularis chronica helicis,Yes,No,Yes
middle ear,No,No,Yes
adenoma,No,Yes,Yes
papillary tumours,No,No,Yes
choristoma,No,No,Yes
meningioma,Yes,Yes,Yes
inner ear,No,No,Yes
vestibular schwannoma,Yes,Yes,Yes
neurofibromatosis type 2,No,Yes,Yes
lipoma of the internal auditory canal,No,No,Yes
endolymphatic sac tumour,Yes,No,Yes
tumours of the paraganglionic system,No,No,Yes
carotid body paraganglioma,No,Yes,Yes
jugulotympanic paraganglioma,No,No,Yes
vagal paraganglioma,No,Yes,Yes
laryngeal paraganglioma,No,Yes,Yes
tumours of the kidney,Yes,Yes,Yes
renal cell carcinoma,No,No,Yes
familial renal cancer,No,No,Yes
clear cell renal cell carcinoma,Yes,Yes,Yes
multilocular cystic renal cell carcinoma,No,No,Yes
papillary renal cell carcinoma,Yes,Yes,Yes
chromophobe renal cell carcinoma,Yes,Yes,Yes
carcinoma of the collecting ducts of bellini,No,No,Yes
renal medullary carcinoma,No,Yes,Yes
renal cell carcinoma associated with neuroblastoma,No,No,Yes
mucinous tubular spindle cell carcinoma,No,No,Yes
papillary adenoma of the kidney,No,No,Yes
renal cell carcinoma unclassified,No,No,Yes
metanephric tumours,Yes,No,Yes
metanephric adenoma,Yes,Yes,Yes
metanephric adenofibroma,Yes,Yes,Yes
metanephric stromal tumour,Yes,No,Yes
nephroblastic tumours,Yes,No,Yes
nephroblastoma,Yes,Yes,Yes
clear cell sarcoma,No,Yes,Yes
rhabdoid tumour,No,No,Yes
congenital mesoblastic nephroma,Yes,Yes,Yes
ossifying renal tumour of infancy,Yes,No,Yes
leiomyosarcoma,Yes,Yes,Yes
osteosarcoma,Yes,Yes,Yes
renal angiosarcoma,No,No,Yes
malignant fibrous histiocytoma,No,Yes,Yes
angiomyolipoma,No,Yes,Yes
epithelioid angiomyolipoma,No,Yes,Yes
leiomyoma,Yes,Yes,Yes
juxtaglomerular cell tumour,Yes,No,Yes
renomedullary interstitial cell tumour,Yes,No,Yes
intrarenal schwannoma,No,No,Yes
solitary fibrous tumour,Yes,Yes,Yes
cystic nephroma,No,No,Yes
synovial sarcoma,Yes,Yes,Yes
renal carcinoid tumour,No,No,Yes
neuroendocrine carcinoma,Yes,Yes,Yes
primitive neuroectodermal tumour (ewing sarcoma),No,No,Yes
neuroblastoma,Yes,Yes,Yes
leukaemia,No,Yes,Yes
tumours of the urinary system,No,No,Yes
infiltrating urothelial carcinoma,No,Yes,Yes
non-invasive urothelial tumours,No,No,Yes
urothelial hyperplasia,No,No,Yes
urothelial dysplasia,No,Yes,Yes
urothelial papilloma,Yes,Yes,Yes
inverted papilloma,No,Yes,Yes
papillary urothelial neoplasm of low malignant potential,Yes,No,Yes
non-invasive high grade papillary urothelial carcinoma,No,No,Yes
urothelial carcinoma in situ,Yes,Yes,Yes
squamous neoplasms,Yes,No,Yes
squamous cell papilloma,Yes,Yes,Yes
urachal carcinoma,Yes,Yes,Yes
clear cell adenocarcinoma,Yes,No,Yes
villous adenoma,Yes,Yes,Yes
carcinoid,No,No,Yes
rhabdomyosarcoma,Yes,Yes,Yes
angiosarcoma,Yes,Yes,Yes
other mesenchymal tumours,No,No,Yes
neurofibroma,Yes,Yes,Yes
tumours of the urethra,No,No,Yes
tumours of the prostate,Yes,Yes,Yes
acinar adenocarcinoma,No,Yes,Yes
prostatic intraepithelial neoplasia,No,No,Yes
ductal adenocarcinoma,No,Yes,Yes
urothelial carcinoma,No,Yes,Yes
secondary tumors involving the prostate,No,No,Yes
miscellaneous tumours,Yes,No,Yes
tumours of the seminal vesicles,No,No,Yes
precursor lesions,Yes,Yes,Yes
seminoma,Yes,Yes,Yes
spermatocytic seminoma,No,No,Yes
spermatocytic seminoma with sarcoma,No,No,Yes
embryonal carcinoma,Yes,Yes,Yes
yolk sac tumour,Yes,Yes,Yes
choriocarcinoma,Yes,Yes,Yes
teratomas,Yes,No,Yes
dermoid cyst,No,No,Yes
mixed germ cell tumours,Yes,No,Yes
leydig cell tumour,Yes,No,Yes
malignant leydig cell tumour,No,No,Yes
sertoli cell tumour,Yes,No,Yes
malignant sertoli cell tumour,No,No,Yes
granulosa cell tumours,Yes,No,Yes
incompletely differentiated tumours,No,No,Yes
mixed forms,No,No,Yes
gonadoblastoma,Yes,Yes,Yes
tumours of paratesticular structures,No,No,Yes
adenomatoid tumour,Yes,Yes,Yes
mesothelioma,Yes,Yes,Yes
adenocarcinoma of the epididymis,Yes,No,Yes
papillary cystadenoma of epididymis,No,No,Yes
melanotic neuroectodermal tumour,No,No,Yes
desmoplastic small round cell tumour,Yes,Yes,Yes
tumours of the penis,Yes,Yes,Yes
malignant epithelial tumours,Yes,No,Yes
basaloid carcinoma,No,Yes,Yes
warty (condylomatous) carcinoma,No,No,Yes
papillary carcinoma (nos),No,No,Yes
sarcomatoid (spindle cell) carcinoma,No,No,Yes
mixed carcinomas,No,No,Yes
small cell carcinoma of neuroendocrine type,No,No,Yes
sebaceous carcinoma,Yes,Yes,Yes
clear cell carcinoma,No,Yes,Yes
intraepithelial neoplasia grade iii,No,No,Yes
giant condyloma,No,No,Yes
erythroplasia of queyrat,No,No,Yes
melanocytic lesions,Yes,Yes,Yes
tumors of the pituitary,No,No,Yes
growth hormone producing adenoma,No,No,Yes
prolactin producing adenoma,No,No,Yes
thyrotropin producing adenoma,No,No,Yes
acth producing adenoma,No,No,Yes
gonadotropin producing adenoma,No,No,Yes
null cell adenoma,Yes,Yes,Yes
plurihormonal adenoma,No,No,Yes
pituitary carcinoma,No,Yes,Yes
gangliocytoma,Yes,Yes,Yes
meningioma tumours,No,No,Yes
chordoma,Yes,Yes,Yes
secondary tumours of the pituitary,No,No,Yes
papillary carcinoma,No,No,Yes
follicular carcinoma,No,No,Yes
poorly differentiated carcinoma,No,Yes,Yes
undifferentiated (anaplastic) carcinoma,No,No,Yes
sclerosing mucoepidermoid carcinoma with eosinophilia,Yes,Yes,Yes
medullary thyroid carcinoma,Yes,Yes,Yes
spindle cell tumour with thymus-like differentiation,No,No,Yes
carcinoma showing thymus-like differentiation,No,No,Yes
follicular adenoma,No,Yes,Yes
hyalinizing trabecular tumour,Yes,No,Yes
teratoma,Yes,Yes,Yes
ectopic thymoma,No,Yes,Yes
peripheral nerve sheath tumours,Yes,No,Yes
rosai-dorfman disease,Yes,Yes,Yes
secondary tumours of the thyroid,No,No,Yes
parathyroid carcinoma,Yes,Yes,Yes
parathyroid adenoma,Yes,Yes,Yes
secondary tumours of the parathyroid,No,No,Yes
adrenal cortical carcinoma,Yes,Yes,Yes
adrenal cortical adenoma,Yes,Yes,Yes
malignant adrenal phaeochromocytoma,No,No,Yes
benign phaeochromocytoma,No,No,Yes
composite phaeochromocytoma or paraganglioma,No,No,Yes
extra-adrenal paraganglioma,No,No,Yes
extra-adrenal sympathetic paraganglioma,No,No,Yes
tumors of the endocrine pancreas,No,No,Yes
gastrinoma,Yes,Yes,Yes
glucagonoma,Yes,Yes,Yes
insulinoma,Yes,Yes,Yes
vipoma,Yes,Yes,Yes
somatostatinoma,Yes,Yes,Yes
serotonin secreting tumour,No,No,Yes
non-functioning tumours,No,No,Yes
mixed exocrine-endocrine carcinomas,No,No,Yes
poorly differentiated endocrine carcinoma,No,No,Yes
multiple endocrine neoplasia type 1,No,Yes,Yes
multiple endocrine neoplasia type 2,No,Yes,Yes
hyperparathyroidism-jaw tumor syndrome,No,Yes,Yes
von hippel-lindau syndrome (vhl),No,No,Yes
neurofibromatosis type 1,No,Yes,Yes
mccune-albright syndrome,No,Yes,Yes
familial non-medullary thyroid cancer,No,Yes,Yes
tumours of the lung,Yes,Yes,Yes
mixed subtype,No,No,Yes
bronchioloalveolar adenocarcinoma,No,No,Yes
solid adenocarcinoma,No,Yes,Yes
fetal adenocarcinoma,No,Yes,Yes
mucinous (colloid) adenocarcinoma,No,No,Yes
mucinous cystadenocarcinoma,Yes,No,Yes
signet ring adenocarcinoma,No,No,Yes
large cell neuroendocrine carcinoma,Yes,Yes,Yes
lymphoepithelioma-like carcinoma,No,Yes,Yes
rhabdoid phenotype,No,No,Yes
sarcomatoid carcinoma,No,Yes,Yes
pleomorphic carcinoma,No,No,Yes
pulmonary blastoma,Yes,Yes,Yes
carcinoid tumour,No,Yes,Yes
typical carcinoid,No,Yes,Yes
atypical carcinoid,No,Yes,Yes
preinvasive epithelial lesions,No,No,Yes
atypical adenomatous hyperplasia,No,Yes,Yes
diffuse idiopathic pulmonary neuroendocrine cell hyperplasia,Yes,Yes,Yes
benign epithelial lesions,No,No,Yes
mixed papilloma,No,No,Yes
alveolar adenoma,Yes,Yes,Yes
papillary adenoma,No,Yes,Yes
mucinous cystadenoma,Yes,Yes,Yes
malt lymphoma,No,No,Yes
diffuse large b-cell lymphoma,Yes,Yes,Yes
pulmonary langerhans cell histiocytosis,Yes,Yes,Yes
pleuropulmonary blastoma,Yes,Yes,Yes
chondroma,Yes,Yes,Yes
congenital peribronchial myofibroblastic tumour,Yes,Yes,Yes
diffuse pulmonary lymphangiomatosis,Yes,Yes,Yes
lymphangiomatosis,Yes,No,Yes
pulmonary vein sarcoma,No,No,Yes
pulmonary artery sarcoma,No,No,Yes
hamartoma,Yes,Yes,Yes
sclerosing haemangioma,No,No,Yes
clear cell tumour,No,No,Yes
intrapulmonary thymoma,No,Yes,Yes
metastases to the lung,No,Yes,Yes
tumours of the pleura,Yes,Yes,Yes
epithelioid mesothelioma,No,Yes,Yes
sarcomatoid mesothelioma,No,Yes,Yes
desmoplastic mesothelioma,No,Yes,Yes
biphasic mesothelioma,No,Yes,Yes
well differentiated papillary mesothelioma,No,No,Yes
localized malignant mesothelioma,No,Yes,Yes
primary effusion lymphoma,Yes,Yes,Yes
pyothorax-associated lymphoma,No,No,Yes
calcifying tumour,No,No,Yes
tumours of the thymus,Yes,Yes,Yes
thymomas,No,No,Yes
type a,No,No,Yes
type ab,No,No,Yes
type b1,No,No,Yes
type b2,No,No,Yes
type b3,No,No,Yes
micronodular thymoma,No,No,Yes
metaplastic thymoma,Yes,Yes,Yes
microscopic thymoma,No,Yes,Yes
sclerosing thymoma,No,Yes,Yes
lipofibroadenoma,No,Yes,Yes
thymic carcinomas,No,No,Yes
non-papillary adenocarcinoma,No,No,Yes
carcinoma with t(15;19) translocation,No,No,Yes
undifferentiated carcinoma,No,Yes,Yes
thymic neuroendocrine tumours,No,Yes,Yes
small cell neuroendocrine carcinoma,Yes,Yes,Yes
combined thymic epithelial tumours,No,No,Yes
germ cell tumours of the mediastinum,Yes,No,Yes
gct with somatic type malignancy,No,No,Yes
gct with haematologic malignancies,No,No,Yes
lymphomas of the mediastinum,No,No,Yes
primary large b-cell lymphoma,No,No,Yes
thymic malt lymphoma,No,No,Yes
anaplastic large t-cell lymphoma,No,No,Yes
dendritic cell tumours,Yes,No,Yes
soft tissue tumours of the mediastinum,No,No,Yes
thymolipoma,Yes,No,Yes
mediastinal lipoma,No,No,Yes
liposarcoma,Yes,Yes,Yes
vascular neoplasms,No,No,Yes
leiomyomatous tumours,No,No,Yes
neurogenic tumours,No,No,Yes
ectopic thyroid tumours,Yes,Yes,Yes
ectopic parathyroid tumours,Yes,Yes,Yes
metastases to the mediastinum,No,No,Yes
tumours of the heart,Yes,Yes,Yes
benign tumours with myocyte differentiation,No,No,Yes
rhabdomyoma,Yes,Yes,Yes
histioid cardiomyopathy,No,No,Yes
hamartoma of mature cardiac myocytes,Yes,Yes,Yes
adult cellular rhabdomyoma,Yes,Yes,Yes
benign tumours of pluripotent mesenchyme,No,No,Yes
cardiac myxoma,Yes,Yes,Yes
papillary fibroelastoma,Yes,Yes,Yes
benign tumours with myofibroblastic differentiation,No,No,Yes
cardiac fibroma,Yes,Yes,Yes
cardiac lipoma,Yes,No,Yes
cystic tumour of atrioventricular node,No,No,Yes
cardiac sarcomas,No,No,Yes
cardiac lymphomas,No,Yes,Yes
metastatic tumours to the heart,No,No,Yes
pericardial tumours,No,No,Yes
malignant mesothelioma,No,Yes,Yes
metastatic pericardial tumours,No,No,Yes
tumours of the breast,No,No,Yes
invasive breast carcinoma,No,No,Yes
invasive lobular carcinoma,Yes,Yes,Yes
cribriform carcinoma,Yes,Yes,Yes
medullary carcinoma,No,No,Yes
mucin producing carcinomas,No,No,Yes
invasive papillary carcinoma,Yes,Yes,Yes
invasive micropapillary carcinoma,Yes,Yes,Yes
metaplastic carcinomas,No,No,Yes
lipid-rich carcinoma,No,Yes,Yes
secretory carcinoma,Yes,Yes,Yes
glycogen-rich clear cell carcinoma,No,Yes,Yes
inflammatory carcinoma,No,Yes,Yes
bilateral breast carcinoma,No,Yes,Yes
lobular neoplasia,No,Yes,Yes
intraductal proliferative lesions,No,Yes,Yes
intraductal papillary neoplasms,No,No,Yes
myoepithelial lesions,No,No,Yes
fibroepithelial tumours,Yes,Yes,Yes
tumours of the nipple,Yes,Yes,Yes
tumours of the male breast,Yes,Yes,Yes
surface epithelial-stromal tumours,No,No,Yes
serous tumours,Yes,No,Yes
mucinous tumours,Yes,No,Yes
endometrioid tumours,Yes,No,Yes
clear cell tumours,Yes,No,Yes
transitional cell tumours,No,No,Yes
squamous cell lesions,No,No,Yes
mixed epithelial tumours,No,No,Yes
undifferentiated carcinomas,No,No,Yes
sex cord-stromal tumours,Yes,No,Yes
granulosa-stromal cell tumours,No,No,Yes
sertoli-stromal cell tumours,No,No,Yes
mixed sex cord-stromal tumours,Yes,No,Yes
steroid cell tumours,No,No,Yes
primitive germ cell tumours,No,No,Yes
biphasic or triphasic teratomas,No,No,Yes
monodermal teratomas,No,No,Yes
mixed germ cell-sex cord-stromal tumours,No,No,Yes
secondary tumours of the ovary,No,No,Yes
peritoneal tumours,Yes,No,Yes
tumours of the uterine corpus,Yes,No,Yes
endometrial carcinoma,No,No,Yes
endometrial hyperplasia,No,No,Yes
endometrial polyp,Yes,No,Yes
gestational trophoblastic disease,Yes,Yes,Yes
secondary tumours of the uterine corpus,No,No,Yes
tumours of the uterine cervix,Yes,No,Yes
tumours of the vagina,Yes,No,Yes
squamous tumours,No,No,Yes
tumours of skin appendage origin,No,No,Yes
tumours of the vulva,Yes,No,Yes
brca1 syndrome,No,No,Yes
brca2 syndrome,No,No,Yes
li-fraumeni syndrome,No,Yes,Yes
hereditary non-polyposis colon cancer (hnpcc),No,No,Yes
ataxia telangiectasia syndrome,No,Yes,Yes
mixed type carcinoma,No,No,Yes
carcinoma with osteoclastic giant cells,No,No,Yes
carcinoma with choriocarcinomatous features,No,No,Yes
carcinoma with melanotic features,No,No,Yes
invasive cribriform carcinoma,No,No,Yes
signet ring cell carcinoma,No,No,Yes
solid neuroendocrine carcinoma,No,No,Yes
atypical carcinoid tumour,No,No,Yes
pure epithelial metaplastic carcinomas,No,No,Yes
adenocarcinoma with spindle cell metaplasia,No,No,Yes
lobular carcinoma in situ,Yes,No,Yes
usual ductal hyperplasia,Yes,Yes,Yes
flat epithelial atypia,No,No,Yes
atypical ductal hyperplasia,Yes,Yes,Yes
ductal carcinoma in situ,Yes,Yes,Yes
microinvasive carcinoma,Yes,No,Yes
intraductal papilloma,Yes,Yes,Yes
peripheral papilloma,No,No,Yes
atypical papilloma,No,No,Yes
intraductal papillary carcinoma,No,Yes,Yes
encapsulated papillary carcinoma,Yes,Yes,Yes
adenosis including variants,No,No,Yes
sclerosing adenosis,Yes,Yes,Yes
apocrine adenosis,Yes,Yes,Yes
duct adenosis,No,No,Yes
adenomyoepithelial adenosis,No,No,Yes
adenomas,Yes,Yes,Yes
tubular adenoma,Yes,Yes,Yes
lactating adenoma,Yes,Yes,Yes
apocrine adenoma,Yes,Yes,Yes
ductal adenoma,Yes,Yes,Yes
myoepitheliosis,No,No,Yes
adenomyoepithelial adenomatosis,No,No,Yes
adenomyoepithelioma,Yes,Yes,Yes
malignant myoepithelioma,No,No,Yes
angiomatosis,Yes,Yes,Yes
pseudoangiomatous stromal hyperplasia,Yes,Yes,Yes
myofibroblastoma,Yes,Yes,Yes
fibromatosis (aggressive),No,No,Yes
lipoma,Yes,Yes,Yes
angiolipoma,Yes,Yes,Yes
schwannoma,Yes,Yes,Yes
fibroadenoma,Yes,Yes,Yes
phyllodes tumour,Yes,Yes,Yes
benign,No,No,Yes
borderline,No,No,Yes
malignant,No,No,Yes
mammary hamartoma,No,No,Yes
nipple adenoma,Yes,Yes,Yes
syringomatous adenoma,No,No,Yes
paget disease of the nipple,No,No,Yes
extranodal marginal-zone b-cell lymphoma of malt type,No,No,Yes
follicular lymphoma,Yes,Yes,Yes
gynaecomastia,Yes,Yes,Yes
carcinoma,No,Yes,Yes
invasive,No,No,Yes
in situ,No,No,Yes
adipocytic tumours,Yes,No,Yes
lipomatosis,Yes,Yes,Yes
lipomatosis of nerve,Yes,Yes,Yes
myolipoma of soft tissue,Yes,Yes,Yes
chondroid lipoma,Yes,Yes,Yes
hibernoma,Yes,Yes,Yes
dedifferentiated liposarcoma,Yes,Yes,Yes
myxoid liposarcoma,Yes,Yes,Yes
pleomorphic liposarcoma,Yes,Yes,Yes
mixed-type liposarcoma,No,No,Yes
nodular fasciitis,Yes,Yes,Yes
ischaemic fasciitis,Yes,Yes,Yes
elastofibroma,Yes,Yes,Yes
fibrous hamartoma of infancy,Yes,Yes,Yes
fibromatosis coli,No,No,Yes
juvenile hyaline fibromatosis,Yes,Yes,Yes
inclusion body fibromatosis,Yes,Yes,Yes
fibroma of tendon sheath,Yes,Yes,Yes
desmoplastic fibroblastoma,Yes,Yes,Yes
mammary-type myofibroblastoma,No,Yes,Yes
calcifying aponeurotic fibroma,Yes,Yes,Yes
angiomyofibroblastoma,Yes,Yes,Yes
cellular angiofibroma,Yes,Yes,Yes
nuchal-type fibroma,Yes,Yes,Yes
gardner fibroma,Yes,Yes,Yes
calcifying fibrous tumour,Yes,No,Yes
giant cell angiofibroma,No,No,Yes
superficial fibromatoses,No,No,Yes
desmoid-type fibromatoses,No,No,Yes
lipofibromatosis,Yes,Yes,Yes
low grade myofibroblastic sarcoma,No,No,Yes
myxoinflammatory fibroblastic sarcoma,Yes,Yes,Yes
infantile fibrosarcoma,Yes,Yes,Yes
adult fibrosarcoma,Yes,Yes,Yes
myxofibrosarcoma,Yes,Yes,Yes
low grade fibromyxoid sarcoma,No,No,Yes
sclerosing epithelioid fibrosarcoma,Yes,Yes,Yes
so-called fibrohistiocytic tumours,Yes,No,Yes
giant cell tumour of tendon sheath,No,No,Yes
diffuse-type giant cell tumour,No,No,Yes
deep benign fibrous histiocytoma,No,Yes,Yes
plexiform fibrohistiocytic tumour,Yes,Yes,Yes
giant cell tumour of soft tissue,Yes,Yes,Yes
angioleiomyoma,Yes,Yes,Yes
leiomyoma of deep soft tissue,No,Yes,Yes
pericytic (perivascular) tumours,Yes,No,Yes
glomus tumours,No,Yes,Yes
myopericytoma,Yes,No,Yes
alveolar rhabdomyosarcoma,Yes,Yes,Yes
pleomorphic rhabdomyosarcoma,Yes,Yes,Yes
haemangiomas,Yes,Yes,Yes
epithelioid haemangioma,Yes,Yes,Yes
kaposiform haemangioendothelioma,Yes,Yes,Yes
retiform haemangioendothelioma,Yes,Yes,Yes
papillary intralymphatic angioendothelioma,Yes,Yes,Yes
composite haemangioendothelioma,Yes,Yes,Yes
other intermediate vascular neoplasms,No,No,Yes
angiosarcoma of soft tissue,No,No,Yes
chondro-osseous tumours,Yes,No,Yes
soft tissue chondroma,Yes,No,Yes
extraskeletal osteosarcoma,Yes,Yes,Yes
tumours of uncertain differentiation,Yes,No,Yes
intramuscular myxoma,Yes,Yes,Yes
juxta-articular myxoma,Yes,Yes,Yes
deep 'aggressive' angiomyxoma,No,No,Yes
pleomorphic hyalinizing angiectatic tumour of soft parts,Yes,Yes,Yes
ectopic hamartomatous thymoma,No,Yes,Yes
angiomatoid fibrous histiocytoma,Yes,Yes,Yes
ossifying fibromyxoid tumour,Yes,Yes,Yes
epithelioid sarcoma,Yes,Yes,Yes
alveolar soft part sarcoma,Yes,Yes,Yes
clear cell sarcoma of soft tissue,Yes,Yes,Yes
extraskeletal myxoid chondrosarcoma,Yes,Yes,Yes
malignant mesenchymoma,No,Yes,Yes
extraskeletal rhabdoid tumour,No,No,Yes
neoplasms with perivascular epithelioid cell differentiation (pecomas),No,No,Yes
intimal sarcoma,Yes,Yes,Yes
bone tumours,Yes,No,Yes
cartilage tumours,Yes,No,Yes
osteochondroma,Yes,Yes,Yes
chondromas,No,No,Yes
chondroblastoma,Yes,Yes,Yes
chondromyxoid fibroma,Yes,Yes,Yes
synovial chondromatosis,Yes,Yes,Yes
chondrosarcoma,Yes,Yes,Yes
dedifferentiated chondrosarcoma,Yes,Yes,Yes
mesenchymal chondrosarcoma,Yes,Yes,Yes
clear cell chondrosarcoma,Yes,Yes,Yes
osteogenic tumours,Yes,No,Yes
osteoid osteoma,Yes,Yes,Yes
osteoblastoma,Yes,Yes,Yes
conventional osteosarcoma,No,Yes,Yes
telangiectatic osteosarcoma,No,Yes,Yes
small cell osteosarcoma,No,Yes,Yes
low grade central osteosarcoma,No,No,Yes
secondary osteosarcoma,Yes,No,Yes
parosteal osteosarcoma,Yes,Yes,Yes
periosteal osteosarcoma,Yes,Yes,Yes
high grade surface osteosarcoma,No,No,Yes
fibrogenic tumours,Yes,No,Yes
desmoplastic fibroma of bone,Yes,Yes,Yes
fibrosarcoma of bone,Yes,Yes,Yes
benign fibrous histiocytoma of bone,No,Yes,Yes
malignant fibrous histiocytoma of bone,No,No,Yes
haematopoietic tumours,No,Yes,Yes
plasma cell myeloma,Yes,Yes,Yes
giant cell tumours,No,No,Yes
giant cell tumour,No,No,Yes
malignancy in giant cell tumour,No,No,Yes
notochordal tumours,Yes,No,Yes
leiomyoma of bone,No,No,Yes
leiomyosarcoma of bone,Yes,No,Yes
lipoma of bone,Yes,No,Yes
liposarcoma of bone,No,No,Yes
adamantinoma,Yes,Yes,Yes
metastases involving bone,No,No,Yes
tumours of undefined neoplastic nature,No,No,Yes
osteofibrous dysplasia,Yes,Yes,Yes
erdheim-chester disease,Yes,Yes,Yes
chest wall hamartoma,No,No,Yes
familial adenomatous polyposis,No,Yes,Yes
beckwith-wiedemann syndrome,No,No,Yes
multiple osteochondromas,No,Yes,Yes
retinoblastoma syndrome,No,Yes,Yes
rothmund-thomson syndrome,No,Yes,Yes
werner syndrome,No,Yes,Yes
chronic myeloproliferative diseases,No,No,Yes
chronic myelogenous leukaemia,No,No,Yes
chronic neutrophilic leukaemia,Yes,Yes,Yes
polycythaemia vera,Yes,Yes,Yes
chronic idiopathic myelofibrosis,No,No,Yes
essential thrombocythaemia,Yes,Yes,Yes
chronic myelomonocytic leukaemia,Yes,Yes,Yes
atypical chronic myeloid leukaemia,No,No,Yes
juvenile myelomonocytic leukaemia,Yes,Yes,Yes
myelodysplastic syndromes,Yes,Yes,Yes
refractory anaemia,No,No,Yes
refractory anaemia with ringed sideroblasts,No,No,Yes
refractory cytopenia with multilineage dysplasia,No,No,Yes
refractory anaemia with excess blasts,No,No,Yes
myelodysplastic syndrome associated with isolated del(5q) chromosome abnormality,No,No,Yes
acute myeloid leukaemia,Yes,No,Yes
acute myeloid leukaemia with recurrent cytogenetic abnormalities,No,No,Yes
aml with 11q23 (mll) abnormalities,No,No,Yes
acute myeloid leukaemia with multilineage dysplasia,No,No,Yes
alkylating agent related,No,No,Yes
topoisomerase ii inhibitor-related,No,No,Yes
acute myeloid leukaemia not otherwise categorised,No,No,Yes
aml without maturation,No,Yes,Yes
aml with maturation,No,Yes,Yes
acute myelomonocytic leukaemia,Yes,Yes,Yes
acute erythroid leukaemia,Yes,Yes,Yes
acute megakaryoblastic leukaemia,Yes,Yes,Yes
acute basophilic leukaemia,Yes,Yes,Yes
acute panmyelosis with myelofibrosis,No,Yes,Yes
acute leukaemias of ambiguous lineage,No,Yes,Yes
mature b-cell neoplasms,Yes,Yes,Yes
b-cell prolymphocytic leukaemia,No,Yes,Yes
splenic marginal zone lymphoma,Yes,Yes,Yes
hairy cell leukaemia,Yes,Yes,Yes
plasma cell neoplasms,Yes,Yes,Yes
monoclonal immunoglobulin deposition diseases,No,Yes,Yes
heavy chain diseases,Yes,Yes,Yes
extranodal marginal zone b-cell lymphoma (malt lymphoma),No,No,Yes
nodal marginal zone b-cell lymphoma,No,No,Yes
mediastinal (thymic) large b-cell lymphoma,No,No,Yes
t-cell prolymphocytic leukaemia,Yes,Yes,Yes
t-cell large granular lymphocytic leukaemia,No,Yes,Yes
aggressive nk-cell leukaemia,Yes,Yes,Yes
enteropathy-type t-cell lymphoma,No,No,Yes
hepatosplenic t-cell lymphoma,Yes,Yes,Yes
primary cutaneous cd-30 positive t-cell lymphoproliferative disorders,No,No,Yes
primary cutaneous anaplastic large cell lymphoma (c-alcl),No,No,Yes
lymphomatoid papulosis,No,Yes,Yes
angioimmunoblastic t-cell lymphoma,No,Yes,Yes
anaplastic large cell lymphoma,Yes,Yes,Yes
nodular lymphocyte predominant hodgkin lymphoma,Yes,Yes,Yes
classical hodgkin lymphoma,No,Yes,Yes
nodular sclerosis hodgkin lymphoma,No,No,Yes
mixed cellularity hodgkin lymphoma,No,No,Yes
lymphocyte-rich classical hodgkin lymphoma,No,Yes,Yes
lymphocyte depleted hodgkin lymphoma,No,No,Yes
immunodeficiency associated lymphoproliferative disorders,No,No,Yes
lymphoproliferative diseases associated with primary immune disorders,No,Yes,Yes
human immunodeficiency virus-related lymphomas,No,No,Yes
post-transplant lymphoproliferative disorders,No,No,Yes
methotrexate-associated lymphoproliferative disorders,No,No,Yes
histiocytic sarcoma,Yes,Yes,Yes
langerhans cell sarcoma,Yes,Yes,Yes
cutaneous mastocytosis,Yes,Yes,Yes
systemic mastocytosis,Yes,Yes,Yes
mast cell sarcoma,Yes,Yes,Yes
extracutaneous mastocytoma,No,Yes,Yes
tumors of neuroepithelial tissue,No,No,Yes
astrocytic tumors,No,Yes,Yes
diffuse astrocytoma,No,Yes,Yes
fibrillary astrocytoma,No,No,Yes
protoplasmic astrocytoma,No,No,Yes
gemistocytic astrocytoma,No,No,Yes
anaplastic astrocytoma,No,Yes,Yes
glioblastoma,No,Yes,Yes
giant cell glioblastoma,No,Yes,Yes
gliosarcoma,No,Yes,Yes
pilocytic astrocytoma,Yes,Yes,Yes
pleomorphic xanthoastrocytoma,Yes,Yes,Yes
subependymal giant cell astrocytoma,Yes,Yes,Yes
oligodendroglial tumors,No,Yes,Yes
oligodendroglioma,No,Yes,Yes
anaplastic oligodendroglioma,No,Yes,Yes
mixed gliomas,No,No,Yes
oligoastrocytoma,No,Yes,Yes
anaplastic oligoastrocytoma,No,Yes,Yes
ependymal tumors,No,Yes,Yes
ependymoma,Yes,Yes,Yes
cellular,No,No,Yes
papillary,No,No,Yes
clear cell,No,No,Yes
tanycytic,No,No,Yes
anaplastic ependymoma,No,Yes,Yes
myxopapillary ependymoma,Yes,Yes,Yes
subependymoma,Yes,Yes,Yes
choroid plexus tumors,No,Yes,Yes
choroid plexus papilloma,Yes,Yes,Yes
choroid plexus carcinoma,Yes,Yes,Yes
glial tumors of uncertain origin,No,No,Yes
astroblastoma,No,Yes,Yes
gliomatosis cerebri,No,Yes,Yes
chordoid glioma of the 3rd ventricle,No,No,Yes
dysplastic gangliocytoma of cerebellum (lhermitte-duclos),No,No,Yes
dysembryoplastic neuroepithelial tumor,No,Yes,Yes
ganglioglioma,Yes,Yes,Yes
anaplastic ganglioglioma,No,Yes,Yes
central neurocytoma,Yes,Yes,Yes
cerebellar liponeurocytoma,Yes,Yes,Yes
paraganglioma of the filum terminale,No,No,Yes
neuroblastic tumors,No,No,Yes
olfactory neuroblastoma (aesthesioneuroblastoma),No,No,Yes
olfactory neuroepithelioma,No,No,Yes
pineal parenchymal tumors,No,No,Yes
pineocytoma,Yes,Yes,Yes
pineoblastoma,Yes,Yes,Yes
pineal parenchymal tumor of intermediate differentiation,No,Yes,Yes
embryonal tumors,No,Yes,Yes
medulloepithelioma,Yes,Yes,Yes
ependymoblastoma,No,Yes,Yes
medulloblastoma,Yes,Yes,Yes
desmoplastic medulloblastoma,No,Yes,Yes
large cell medulloblastoma,No,Yes,Yes
medullomyoblastoma,No,No,Yes
melanotic medulloblastoma,No,No,Yes
supratentorial primitive neuroectodermal tumor (pnet),No,No,Yes
ganglioneuroblastoma,No,No,Yes
tumors of peripheral nerves,No,No,Yes
plexiform,No,No,Yes
melanotic,No,No,Yes
perineurioma,Yes,Yes,Yes
intraneural perineurioma,No,No,Yes
soft tissue perineurioma,No,No,Yes
malignant peripheral nerve sheath tumor (mpnst),No,Yes,Yes
epithelioid,No,No,Yes
melanotic psammomatous,No,No,Yes
tumors of the meninges,No,No,Yes
tumors of meningothelial cells,No,No,Yes
meningothelial,No,No,Yes
fibrous (fibroblastic),No,No,Yes
transitional (mixed),No,No,Yes
psammomatous,No,No,Yes
angiomatous,No,No,Yes
microcystic,No,No,Yes
secretory,No,No,Yes
lymphoplasmacyte-rich,No,No,Yes
metaplastic,No,No,Yes
chordoid,No,No,Yes
atypical,No,No,Yes
rhabdoid,No,No,Yes
anaplastic meningioma,No,No,Yes
liposarcoma (intracranial),No,No,Yes
solitary fibrous tumor,No,Yes,Yes
hemangioma,No,No,Yes
epithelioid hemangioendothelioma,No,No,Yes
primary melanocytic lesions,No,No,Yes
diffuse melanocytosis,No,No,Yes
melanocytoma,Yes,Yes,Yes
meningeal melanomatosis,No,Yes,Yes
tumors of uncertain histogenesis,No,Yes,Yes
hemangioblastoma,No,No,Yes
malignant lymphomas,No,Yes,Yes
granulocytic sarcoma,No,No,Yes
germ cell tumors,No,Yes,Yes
germinoma,Yes,Yes,Yes
yolk sac tumor,No,Yes,Yes
mature,No,No,Yes
immature,No,No,Yes
teratoma with malignant transformation,No,Yes,Yes
mixed germ cell tumors,No,Yes,Yes
tumors of the sellar region,No,Yes,Yes
craniopharyngioma,No,Yes,Yes
adamantinomatous,No,No,Yes
granular cell tumor,No,Yes,Yes
other tumors,No,Yes,Yes
hemangiopericytoma,No,No,Yes
tumours of the oesophagus,Yes,No,Yes
endocrine tumours,Yes,No,Yes
tumours of the oesophagogastric junction,No,No,Yes
tumours of the stomach,Yes,Yes,Yes
tumours of the small intestine,Yes,Yes,Yes
peutz-jeghers syndrome,No,Yes,Yes
b-cell lymphoma,No,Yes,Yes
t-cell lymphoma,No,Yes,Yes
tumours of the appendix,Yes,Yes,Yes
hereditary nonpolyposis colorectal cancer,No,No,Yes
juvenile polyposis,No,Yes,Yes
hyperplastic polyposis,No,No,Yes
tumours of the anal canal,Yes,Yes,Yes
hepatocellular carcinoma,Yes,Yes,Yes
intrahepatic cholangiocarcinoma,Yes,Yes,Yes
hepatoblastoma,Yes,Yes,Yes
tumours of the exocrine pancreas,No,No,Yes
serous cystic neoplasms,No,No,Yes
mucinous cystic neoplasms,No,Yes,Yes
intraductal papillary-mucinous neoplasm,No,No,Yes
acinar cell carcinoma,No,No,Yes
pancreatoblastoma,Yes,Yes,Yes
solid-pseudopapillary neoplasm,No,Yes,Yes
miscellaneous carcinomas,No,No,Yes
tumours of the digestive system,No,Yes,No
tumours of the esophagus,No,Yes,No
neuroendocrine neoplasms,Yes,Yes,No
mesenchymal tumors,No,Yes,No
tumours of the esophagogastric junction,No,Yes,No
gastric carcinoma,No,Yes,No
hereditary diffuse gastric cancer,No,Yes,No
secondary tumors,No,Yes,No
tumours of the ampullary region,No,Yes,No
invasive adenocarcinoma,No,Yes,No
miscellaneous tumors,No,Yes,No
lynch syndrome,No,Yes,No
mutyh-associated polyposis,No,Yes,No
tumors of the anal canal,No,Yes,No
combined hepatocellular-cholangiocarcinoma,No,Yes,No
diagnostic algorithms,No,Yes,No
tumours of the pancreas,Yes,Yes,No
serous neoplasms,No,Yes,No
intraductal neoplasms,No,Yes,No
acinar cell neoplasms,No,Yes,No
multilocular cystic renal neoplasm of low malignant potential,Yes,Yes,No
collecting duct carcinoma,Yes,Yes,No
mit family translocation renal cell carcinomas,No,Yes,No
succinate dehydrogenase-deficient renal cell carcinoma,Yes,Yes,No
tubulocystic renal cell carcinoma,Yes,Yes,No
acquired cystic disease-associated renal cell carcinoma,Yes,Yes,No
clear cell papillary renal cell carcinoma,No,Yes,No
unclassified renal cell carcinoma,No,Yes,No
metanephric stromal tumor,No,Yes,No
cystic partially differentiated nephroblastoma,Yes,Yes,No
paediatric cystic nephroma,Yes,Yes,No
rhabdoid tumor,No,Yes,No
ossifying renal tumor of infancy,No,Yes,No
haemangioblastoma,Yes,Yes,No
juxtaglomerular cell tumor,No,Yes,No
renomedullary interstitial cell tumor,No,Yes,No
adult cystic nephroma,No,Yes,No
tumours of the urinary tract,Yes,Yes,No
non-invasive papillary urothelial carcinoma,No,Yes,No
papillary urothelial neoplasms of low malignant potential,No,Yes,No
inverted urothelial papilloma,Yes,Yes,No
urothelial proliferation of uncertain malignant potential,No,Yes,No
squamous cell neoplasms,No,Yes,No
pure squamous cell carcinoma,No,Yes,No
neuroendocrine tumors,No,Yes,No
well-differentiated neuroendocrine tumor,No,Yes,No
melanocytic tumors,No,Yes,No
nevus,No,Yes,No
melanosis,Yes,Yes,No
inflammatory myofibroblastic tumor,No,Yes,No
perivascular epithelioid cell tumor,No,Yes,No
other mesenchymal tumors,No,Yes,No
epithelial tumors of the upper urinary tract,No,Yes,No
epithelial tumors arising in a bladder diverticulum,No,Yes,No
urothelial tumors of the urethra,No,Yes,No
high-grade prostatic intraepithelial neoplasia,Yes,Yes,No
intraductal carcinoma,Yes,Yes,No
well-differentiated neuroendocrine tumors,No,Yes,No
neuroendocrine cells in usual prostate adenocarcinoma,No,Yes,No
adenocarcinoma with paneth cell-like neuroendocrine differentiation,No,Yes,No
miscellaneous seminal vesicle tumors,No,Yes,No
metastatic tumors,No,Yes,No
germ cell tumors derived from germ cell neoplasia in situ,No,Yes,No
tumors of a single histological type (pure forms),No,Yes,No
non-seminomatous germ cell tumors,No,Yes,No
trophoblastic tumors,No,Yes,No
non-choriocarcinomatous trophoblastic tumors,No,Yes,No
teratoma with somatic-type malignancy,Yes,Yes,No
non-seminomatous germ cell tumors of more than one histological type,No,Yes,No
germ cell tumors of unknown type,No,Yes,No
regressed germ cell tumors,No,Yes,No
germ cell tumors unrelated to germ cell neoplasia in situ,No,Yes,No
spermatocytic tumor,No,Yes,No
sex cord-stromal tumors,No,Yes,No
pure tumors,No,Yes,No
leydig cell tumor,No,Yes,No
large cell calcifying sertoli cell tumor,No,Yes,No
intratubular large cell hyalinizing sertoli cell neoplasia,No,Yes,No
granulosa cell tumor,No,Yes,No
adult granulosa cell tumor,No,Yes,No
juvenile granulosa cell tumor,No,Yes,No
tumors in the fibroma-thecoma group,No,Yes,No
ovarian epithelial-type tumors,No,Yes,No
haematolymphoid tumors,No,Yes,No
adenomatoid tumor,No,Yes,No
epididymal tumors,No,Yes,No
papillary cystadenoma,Yes,Yes,No
melanotic neuroectodermal tumor,No,Yes,No
adipocytic tumors,No,Yes,No
smooth muscle tumors,No,Yes,No
skeletal muscle tumors,No,Yes,No
nerve sheath tumors,No,Yes,No
non-hpv-related squamous cell carcinomas,No,Yes,No
pseudohyperplastic carcinoma,No,Yes,No
carcinoma cuniculatum,Yes,Yes,No
sarcomatoid squamous cell carcinoma,No,Yes,No
mixed squamous cell carcinoma,No,Yes,No
hpv-related squamous cell carcinomas,No,Yes,No
papillary-basaloid carcinoma,No,Yes,No
warty carcinoma,No,Yes,No
warty-basaloid carcinoma,No,Yes,No
other rare carcinomas,No,Yes,No
penile intraepithelial neoplasia,No,Yes,No
penile lymphomas,No,Yes,No
tumours of soft tissue,No,Yes,No
fibromatosis colli,Yes,Yes,No
desmoid-type fibromatosis,No,Yes,No
low-grade myofibroblastic sarcoma,Yes,Yes,No
low-grade fibromyxoid sarcoma,Yes,Yes,No
pseudomyogenic haemangioendothelioma,Yes,Yes,No
soft-tissue chondroma,No,Yes,No
schwannoma (including variants),No,Yes,No
melanotic schwannoma,No,Yes,No
neurofibroma (including variants),No,Yes,No
dermal nerve sheath myxoma,Yes,Yes,No
solitary circumscribed neuroma,Yes,Yes,No
nasal glial heterotopia,No,Yes,No
benign triton tumour,Yes,Yes,No
hybrid nerve sheath tumours,Yes,Yes,No
malignant peripheral nerve sheath tumour,Yes,Yes,No
malignant granular cell tumour,No,Yes,No
ectomesenchymoma,Yes,Yes,No
acral fibromyxoma,Yes,Yes,No
deep ('aggressive') angiomyxoma,No,Yes,No
atypical fibroxanthoma,Yes,Yes,No
haemosiderotic fibrolamellar tumour,No,Yes,No
phosphaturic mesenchymal tumour,Yes,Yes,No
extrarenal rhabdoid tumour,Yes,Yes,No
pecoma,Yes,Yes,No
osteochondromyxoma,Yes,Yes,No
low-grade central osteosarcoma,Yes,Yes,No
high-grade surface osteosarcoma,Yes,Yes,No
solitary plasmacytoma of bone,Yes,Yes,No
primary non-hodgkin lymphoma of bone,Yes,Yes,No
giant cell lesion of the small bones,No,Yes,No
giant cell tumour of bone,Yes,Yes,No
benign notochordal cell tumour,Yes,Yes,No
pigmented basal cell carcinoma,No,Yes,No
basal cell carcinoma with sarcomatoid differentiation,Yes,Yes,No
squamous cell carcinoma in situ (bowen disease),Yes,Yes,No
spindle cell squamous cell carcinoma,Yes,Yes,No
clear cell squamous cell carcinoma,Yes,Yes,No
other (uncommon) variants,No,Yes,No
solar lentigo,Yes,Yes,No
other benign keratoses,Yes,Yes,No
naevus spilus,Yes,Yes,No
recurrent naevus,Yes,Yes,No
pigmented epithelioid melanocytoma,Yes,Yes,No
lentigo maligna melanoma,Yes,Yes,No
spitz tumour,No,Yes,No
malignant spitz tumour (spitz melanoma),No,Yes,No
pigmented spindle cell naevus (reed naevus),Yes,Yes,No
acral melanoma,Yes,Yes,No
melanoma arising in congenital naevus,No,Yes,No
proliferative nodules in congenital melanocytic naevus,Yes,Yes,No
uveal melanoma,Yes,Yes,No
conjunctival melanoma,Yes,Yes,No
nevoid melanoma,No,Yes,No
metastatic melanoma,No,Yes,No
adnexal adenocarcinoma not otherwise specified,No,Yes,No
digital papillary adenocarcinoma,Yes,Yes,No
squamoid eccrine ductal carcinoma,No,Yes,No
syringocystadenocarcinoma papilliferum,Yes,Yes,No
trichoblastoma,Yes,Yes,No
trichilemmoma,Yes,Yes,No
trichofolliculoma,Yes,Yes,No
pilar sheath acanthoma,Yes,Yes,No
tumour of the follicular infundibulum,Yes,Yes,No
melanocytic matricoma,Yes,Yes,No
sebaceoma,Yes,Yes,No
mammary paget disease,Yes,Yes,No
variants of mycosis fungoides,No,Yes,No
folliculotropic mycosis fungoides,No,Yes,No
primary cutaneous cd30+ t-cell lymphoproliferative disorders,No,Yes,No
primary cutaneous anaplastic large cell lymphoma,No,Yes,No
cutaneous manifestations of chronic active ebv infection,No,Yes,No
primary cutaneous gamma-delta t-cell lymphoma,No,Yes,No
primary cutaneous cd8+ aggressive epidermotropic cytotoxic t-cell lymphoma,No,Yes,No
primary cutaneous acral cd8+ t-cell lymphoma,No,Yes,No
systemic anaplastic large cell lymphoma,No,Yes,No
primary cutaneous marginal zone lymphoma (malt lymphoma),No,Yes,No
primary cutaneous follicle centre lymphoma,Yes,Yes,No
ebv-positive mucocutaneous ulcer,Yes,Yes,No
blastic plasmacytoid dendritic cell neoplasm,Yes,Yes,No
cutaneous involvement in myeloid leukaemia,No,Yes,No
naevus lipomatosus superficialis,Yes,Yes,No
superficial fibromatosis,Yes,Yes,No
epithelioid fibrous histiocytoma,Yes,Yes,No
fibroma,No,Yes,No
collagenous fibroma,No,Yes,No
superficial acral fibromyxoma,Yes,Yes,No
cutaneous myxoma,No,Yes,No
plaque-like cd34+ dermal fibroma,Yes,Yes,No
haemangioendothelioma,No,Yes,No
atypical vascular lesion,No,Yes,No
tufted haemangioma,Yes,Yes,No
angiokeratoma,Yes,Yes,No
infantile haemangioma,Yes,Yes,No
congenital non-progressive haemangiomas,No,Yes,No
rapidly involuting congenital haemangioma,No,Yes,No
non-involuting congenital haemangioma,No,Yes,No
lobular capillary haemangioma,Yes,Yes,No
verrucous venous malformation,Yes,Yes,No
arteriovenous malformation,Yes,Yes,No
lymphangioma (superficial lymphatic malformation),Yes,Yes,No
pleomorphic dermal sarcoma,Yes,Yes,No
dermal clear cell sarcoma,Yes,Yes,No
primitive non-neural granular cell tumour,No,Yes,No
cellular neurothekeoma,Yes,Yes,No
inherited tumour syndromes associated with skin malignancies,No,Yes,No
familial melanoma,No,Yes,No
naevoid basal cell carcinoma syndrome (gorlin syndrome),No,Yes,No
bap1 tumour predisposition syndrome,No,Yes,No
muir-torre syndrome,No,Yes,No
lepidic adenocarcinoma,No,Yes,No
micropapillary adenocarcinoma,No,Yes,No
invasive mucinous adenocarcinoma,No,Yes,No
colloid adenocarcinoma,No,Yes,No
enteric adenocarcinoma,No,Yes,No
minimally invasive adenocarcinoma,No,Yes,No
keratinizing,No,Yes,No
non-keratinizing,No,Yes,No
squamous cell carcinoma in situ,No,Yes,No
nut carcinoma,Yes,Yes,No
sclerosing pneumocytoma,Yes,Yes,No
pulmonary hamartoma,Yes,Yes,No
pecomatous tumours,Yes,Yes,No
pulmonary artery intimal sarcoma,Yes,Yes,No
pulmonary myxoid sarcoma with ewsr1-creb1 translocation,No,Yes,No
extranodal marginal zone lymphoma of mucosa-associated lymphoid tissue (malt lymphoma),Yes,Yes,No
diffuse malignant mesothelioma,No,Yes,No
well-differentiated papillary mesothelioma,No,Yes,No
diffuse large b-cell lymphoma associated with chronic inflammation,Yes,Yes,No
type ab thymoma,Yes,Yes,No
type b1 thymoma,Yes,Yes,No
type b2 thymoma,Yes,Yes,No
type b3 thymoma,Yes,Yes,No
micronodular thymoma with lymphoid stroma,Yes,Yes,No
adenocarcinomas,Yes,Yes,No
germ cell tumours with somatic-type solid malignancy,No,Yes,No
primary mediastinal large b-cell lymphoma,Yes,Yes,No
extramedullary myeloid leukaemia,No,Yes,No
ectopic tumours of the thymus,No,Yes,No
other rare ectopic tumours,No,Yes,No
metastasis to the thymus or mediastinum,No,Yes,No
histiocytoid cardiomyopathy,No,Yes,No
cystic tumour of the atrioventricular node,Yes,Yes,No
miscellaneous sarcomas,No,Yes,No
tumours of the pericardium,Yes,Yes,No
sarcomas,No,Yes,No
splenic b-cell marginal zone lymphoma,No,Yes,No
splenic diffuse red pulp small b-cell lymphoma,Yes,Yes,No
hairy cell leukaemia-variant,No,Yes,No
gamma heavy chain disease,Yes,Yes,No
mu heavy chain disease,Yes,Yes,No
alpha heavy chain disease,Yes,Yes,No
monoclonal gammopathy of undetermined significance (mgus),No,Yes,No
extraosseous plasmacytoma,No,Yes,No
nodal marginal zone lymphoma,Yes,Yes,No
primary dlbcl of the cns,No,Yes,No
ebv positive dlbcl of the elderly,No,Yes,No
primary mediastinal (thymic) large b-cell lymphoma,No,Yes,No
alk positive large b-cell lymphoma,No,Yes,No
large b-cell lymphoma arising in hhv8-associated multicentric castleman disease,No,Yes,No
chronic lymphoproliferative disorder of nk cells,No,Yes,No
systemic ebv+ t-cell lymphoma of childhood,No,Yes,No
hydroa vacciniforme-like lymphoproliferative disorder,No,Yes,No
severe mosquito bite allergy,Yes,Yes,No
enteropathy-associated t-cell lymphoma,Yes,Yes,No
primary cutaneous cd30-positive t-cell lymphoproliferative disorders,Yes,Yes,No
primary cutaneous cd8-positive aggressive epidermotropic cytotoxic t-cell lymphoma,Yes,Yes,No
nodular sclerosis classical hodgkin lymphoma,No,Yes,No
mixed cellularity classical hodgkin lymphoma,No,Yes,No
lymphocyte-depleted classical hodgkin lymphoma,No,Yes,No
immunodeficiency-associated lymphoproliferative disorders,Yes,Yes,No
lymphomas associated with hiv infection,No,Yes,No
post-transplant lymphoproliferative disorders (ptld),No,Yes,No
polymorphic ptld,No,Yes,No
classical hodgkin lymphoma type ptld,No,Yes,No
other iatrogenic immunodeficiency-associated lymphoproliferative disorders,No,Yes,No
tumors derived from langerhans cells,No,Yes,No
interdigitating dendritic cell tumor,No,Yes,No
fibroblastic reticular cell tumor,No,Yes,No
disseminated juvenile xanthogranuloma,No,Yes,No
myeloproliferative neoplasms,Yes,Yes,No
primary myelofibrosis,Yes,Yes,No
mast cell leukaemia,No,Yes,No
myelodysplastic syndrome with single lineage dysplasia,No,Yes,No
myelodysplastic syndrome with ring sideroblasts,No,Yes,No
myelodysplastic syndrome with multilineage dysplasia,No,Yes,No
myelodysplastic syndrome with excess blasts,No,Yes,No
myelodysplastic syndrome with isolated del(5q),No,Yes,No
childhood myelodysplastic syndrome,No,Yes,No
refractory cytopenia of childhood,No,Yes,No
aml with recurrent genetic abnormalities,No,Yes,No
aml with t(8;21)(q22;q22); runx1-runx1t1,No,Yes,No
aml with inv(16)(p13.1q22) or t(16;16)(p13.1;q22); cbfβ-myh11,No,Yes,No
acute promyelocytic leukaemia with pml-rara,No,Yes,No
aml with t(9;11)(p21.3;q23.3); kmt2a-mllt3,No,Yes,No
aml with t(6;9)(p23;q34.1); dek-nup214,No,Yes,No
aml (megakaryoblastic) with t(1;22)(p13;q13); rbm15-mkl1,No,Yes,No
aml with bcr-abl1,No,Yes,No
aml with mutated npm1,No,Yes,No
aml with mutated cebpa,No,Yes,No
aml with biallelic mutations of cebpa,No,Yes,No
aml with myelodysplasia-related changes,No,Yes,No
therapy-related myeloid neoplasms,No,Yes,No
aml with minimal differentiation,No,Yes,No
myeloid proliferations related to down syndrome,No,Yes,No
transient abnormal myelopoiesis,No,Yes,No
myeloid leukaemia associated with down syndrome,No,Yes,No
acute undifferentiated leukaemia,Yes,Yes,No
mixed phenotype acute leukaemia with t(9;22)(q34.1;q11.2); bcr-abl1,No,Yes,No
mixed phenotype acute leukaemia with t(v;11q23); kmt2a-rearranged,No,Yes,No
precursor lymphoid neoplasms,Yes,Yes,No
monoclonal b-cell lymphocytosis,Yes,Yes,No
non-igm monoclonal gammopathy of undetermined significance,Yes,Yes,No
plasma cell myeloma variants,No,Yes,No
smouldering (asymptomatic) plasma cell myeloma,No,Yes,No
non-secretory myeloma,No,Yes,No
plasma cell leukaemia,No,Yes,No
primary amyloidosis,No,Yes,No
plasma cell neoplasms with associated paraneoplastic syndrome,Yes,Yes,No
poems syndrome,No,Yes,No
tempi syndrome,No,Yes,No
paediatric follicular lymphoma,No,Yes,No
testicular follicular lymphoma,No,Yes,No
in situ follicular neoplasia,No,Yes,No
duodenal-type follicular lymphoma,Yes,Yes,No
paediatric-type follicular lymphoma,Yes,Yes,No
large b-cell lymphoma with irf4 rearrangement,Yes,Yes,No
leukaemic non-nodal mantle cell lymphoma,Yes,Yes,No
primary diffuse large b-cell lymphoma of the cns,Yes,Yes,No
dlbcl associated with chronic inflammation,No,Yes,No
fibrin-associated diffuse large b-cell lymphoma,No,Yes,No
alk-positive large b-cell lymphoma,Yes,Yes,No
hhv8-associated lymphoproliferative disorders,No,Yes,No
multicentric castleman disease,No,Yes,No
hhv8-positive germinotropic lymphoproliferative disorder,No,Yes,No
burkitt lymphoma with 11q aberration,No,Yes,No
high-grade b-cell lymphoma,No,Yes,No
monomorphic epitheliotropic intestinal t-cell lymphoma,Yes,Yes,No
primary cutaneous gamma delta t-cell lymphoma,No,Yes,No
primary cutaneous acral cd8-positive t-cell lymphoma,No,Yes,No
follicular t-cell lymphoma,No,Yes,No
nodal peripheral t-cell lymphoma with tfh phenotype,No,Yes,No
breast implant-associated anaplastic large cell lymphoma,Yes,Yes,No
hodgkin lymphomas,No,Yes,No
carcinomas,Yes,Yes,No
keratinizing squamous cell carcinoma,Yes,Yes,No
non-keratinizing squamous cell carcinoma,Yes,Yes,No
spindle cell (sarcomatoid) squamous cell carcinoma,No,Yes,No
intestinal-type adenocarcinoma,No,Yes,No
non-intestinal-type adenocarcinoma,No,Yes,No
teratocarcinosarcoma,Yes,Yes,No
sinonasal papillomas,Yes,Yes,No
respiratory epithelial lesions,Yes,Yes,No
seromucinous hamartoma,Yes,Yes,No
malignant soft tissue tumors,No,Yes,No
malignant peripheral nerve sheath tumor,No,Yes,No
biphenotypic sinonasal sarcoma,Yes,Yes,No
sinonasal glomangiopericytoma,Yes,Yes,No
benign soft tissue tumors,No,Yes,No
sinonasal ameloblastoma,Yes,Yes,No
chondromesenchymal hamartoma,No,Yes,No
olfactory neuroblastoma,Yes,Yes,No
mucosal melanoma,Yes,Yes,No
tumors of the nasopharynx,No,Yes,No
nasopharyngeal papillary adenocarcinoma,No,Yes,No
hairy polyp,Yes,Yes,No
ectopic pituitary adenoma,Yes,Yes,No
soft tissue tumors,No,Yes,No
notochordal tumors,No,Yes,No
malignant surface epithelial tumors,No,Yes,No
conventional squamous cell carcinoma,Yes,Yes,No
dysplasia,No,Yes,No
squamous cell papilloma & squamous cell papillomatosis,No,Yes,No
well-differentiated neuroendocrine carcinoma,No,Yes,No
moderately differentiated neuroendocrine carcinoma,No,Yes,No
poorly differentiated neuroendocrine carcinoma,No,Yes,No
oncocytic papillary cystadenoma,No,Yes,No
cartilage tumors,No,Yes,No
oral potentially malignant disorders & oral epithelial dysplasia,No,Yes,No
oral potentially malignant disorders,Yes,Yes,No
oral epithelial dysplasia,Yes,Yes,No
condyloma acuminatum,Yes,Yes,No
multifocal epithelial hyperplasia,Yes,Yes,No
ectomesenchymal chondromyxoid tumor,No,Yes,No
myofibroblastic sarcoma,No,Yes,No
oral mucosal melanoma,No,Yes,No
salivary type tumors,No,Yes,No
cd30-positive t-cell lymphoproliferative disorder,No,Yes,No
extramedullary myeloid sarcoma,Yes,Yes,No
polymorphous adenocarcinoma,Yes,Yes,No
tumors of unknown origin,No,Yes,No
carcinoma of unknown primary,No,Yes,No
heterotopia-associated carcinoma,Yes,Yes,No
branchial cleft cyst,Yes,Yes,No
thyroglossal duct cyst,Yes,Yes,No
ranula,Yes,Yes,No
malignant tumors,No,Yes,No
epithelial–myoepithelial carcinoma,No,Yes,No
sebaceous adenocarcinoma,Yes,Yes,No
benign tumors,No,Yes,No
warthin tumor,No,Yes,No
lymphadenoma,Yes,Yes,No
sialadenoma papilliferum,Yes,Yes,No
non-neoplastic epithelial lesions,Yes,Yes,No
sclerosing polycystic adenosis,No,Yes,No
nodular oncocytic hyperplasia,Yes,Yes,No
lymphoepithelial sialadenitis,Yes,Yes,No
intercalated duct hyperplasia,Yes,Yes,No
benign soft tissue lesions,No,Yes,No
odontogenic carcinomas,No,Yes,No
ameloblastic carcinoma,Yes,Yes,No
sclerosing odontogenic carcinoma,Yes,Yes,No
clear cell odontogenic carcinoma,Yes,Yes,No
ghost cell odontogenic carcinoma,Yes,Yes,No
odontogenic sarcomas,Yes,Yes,No
odontogenic carcinosarcoma,Yes,Yes,No
benign epithelial odontogenic tumors,No,Yes,No
ameloblastoma,No,Yes,No
metastasizing ameloblastoma,Yes,Yes,No
squamous odontogenic tumor,No,Yes,No
calcifying epithelial odontogenic tumor,No,Yes,No
adenomatoid odontogenic tumor,No,Yes,No
benign mixed epithelial & mesenchymal odontogenic tumors,No,Yes,No
ameloblastic fibroma,Yes,Yes,No
primordial odontogenic tumor,No,Yes,No
odontoma,Yes,Yes,No
dentinogenic ghost cell tumor,No,Yes,No
benign mesenchymal odontogenic tumors,No,Yes,No
cemento-ossifying fibroma,Yes,Yes,No
odontogenic cysts of inflammatory origin,No,Yes,No
radicular cyst,Yes,Yes,No
inflammatory collateral cysts,Yes,Yes,No
dentigerous cyst,Yes,Yes,No
odontogenic keratocyst,Yes,Yes,No
gingival cysts,Yes,Yes,No
calcifying odontogenic cyst,Yes,Yes,No
orthokeratinized odontogenic cyst,Yes,Yes,No
nasopalatine duct cyst,Yes,Yes,No
melanotic neuroectodermal tumor of infancy,No,Yes,No
desmoplastic fibroma,No,Yes,No
familial gigantiform cementoma,Yes,Yes,No
cemento-osseous dysplasia,Yes,Yes,No
central giant cell granuloma,Yes,Yes,No
peripheral giant cell granuloma,Yes,Yes,No
tumors of the ear,No,Yes,No
tumors of the external auditory canal,No,Yes,No
ceruminous adenocarcinoma,Yes,Yes,No
ceruminous adenom,No,Yes,No
aggressive papillary tumor,No,Yes,No
endolymphatic sac tumor,No,Yes,No
otosclerosis,Yes,Yes,No
middle ear adenoma,No,Yes,No
paraganglion tumors,No,Yes,No
middle ear paraganglioma,No,Yes,No
tumors of the ovary,No,Yes,No
epithelial tumors,No,Yes,No
serous tumors,No,Yes,No
mucinous tumors,No,Yes,No
endometrioid tumors,No,Yes,No
clear cell tumors,No,Yes,No
brenner tumors,No,Yes,No
seromucinous tumors,No,Yes,No
pure stromal tumors,No,Yes,No
pure sex cord tumors,No,Yes,No
mixed sex cord-stromal tumors,No,Yes,No
germ cell - sex cord-stromal tumors,No,Yes,No
mesothelial tumors,No,Yes,No
tumor-like lesions,No,Yes,No
tumors of the peritoneum,No,Yes,No
epithelial tumors of müllerian type,No,Yes,No
soft muscle tumors,No,Yes,No
tumors of uncertain origin,No,Yes,No
miscellaneous primary tumors,No,Yes,No
tumors of the fallopian tube,No,Yes,No
mixed epithelial-mesenchymal tumors,No,Yes,No
tumors of the uterine corpus,No,Yes,No
gestational trophoblastic neoplasms,Yes,Yes,No
non-neoplastic lesions,Yes,Yes,No
molar pregnancies,Yes,Yes,No
abnormal (nonmolar) villous lesions,No,Yes,No
tumors of the uterine cervix,No,Yes,No
other epithelial tumors,No,Yes,No
tumors of the vagina,No,Yes,No
tumors of the vulva,No,Yes,No
neuroectodermal tumors,No,Yes,No
conjunctival squamous cell carcinoma,Yes,Yes,No
conjunctival spindle cell carcinoma,No,Yes,No
hereditary benign intraepithelial dyskeratosis of the conjunctiva,No,Yes,No
conjunctival squamous intraepithelial neoplasia,Yes,Yes,No
conjunctival squamous papilloma,No,Yes,No
cysts,Yes,Yes,No
reactive epithelial hyperplasia,No,Yes,No
conjunctival melanocytic intraepithelial neoplasia,No,Yes,No
inflamed juvenile conjunctival naevus,Yes,Yes,No
blue naevus of the conjunctiva,Yes,Yes,No
spitz naevus of the conjunctiva,No,Yes,No
benign epithelial melanoses of the conjunctiva,No,Yes,No
reactive lymphoid hyperplasia,Yes,Yes,No
fibrous histiocytoma,Yes,Yes,No
conjunctival stromal tumor,No,Yes,No
myxoma,Yes,Yes,No
epibulbar choristoma,Yes,Yes,No
epibulbar osseous choristoma,Yes,Yes,No
phakomatous choristoma,Yes,Yes,No
tumors of the iris,No,Yes,No
iris melanoma,Yes,Yes,No
melanocytic naevus,No,Yes,No
ocular melanocytosis,Yes,Yes,No
lisch nodule,Yes,Yes,No
pigmented epithelial cyst,Yes,Yes,No
implantation cyst,Yes,Yes,No
histiocytic tumors,No,Yes,No
tumors of the ciliary body,No,Yes,No
uveal melanocytoma,Yes,Yes,No
ciliary body adenoma,No,Yes,No
adenomatous hyperplasia,No,Yes,No
glioneuroma,No,Yes,No
tumors of the choroid,No,Yes,No
bilateral diffuse uveal melanocytic hyperplasia,No,Yes,No
primary choroidal lymphoma,Yes,Yes,No
secondary lymphomatous infiltration,No,Yes,No
leukaemic infiltration,No,Yes,No
tumors of the neurosensory retina,No,Yes,No
retinoblastoma,Yes,Yes,No
retinocytoma,Yes,Yes,No
vitreoretinal lymphoma,No,Yes,No
tumors of the retinal pigment epithelium,No,Yes,No
reactive hyperplasia,No,Yes,No
congenital hypertrophy,No,Yes,No
primary tumors,No,Yes,No
meningioma of the optic nerve,Yes,Yes,No
myoepithelial tumors,No,Yes,No
oncocytic tumors,No,Yes,No
rare neoplasms,No,Yes,No
low-grade intraductal carcinoma,No,Yes,No
hybrid neoplasms,No,Yes,No
tumors of the lacrimal drainage system,No,Yes,No
exophytic papilloma,No,Yes,No
pituitary adenoma,Yes,Yes,No
somatotroph adenoma,Yes,Yes,No
lactotroph adenoma,Yes,Yes,No
thyrotroph adenoma,Yes,Yes,No
corticotroph adenoma,Yes,Yes,No
gonadotroph adenoma,Yes,Yes,No
pituitary blastoma,Yes,Yes,No
neurocytoma,No,Yes,No
tumors of the posterior pituitary,No,Yes,No
hyalinizing trabecular tumor,No,Yes,No
other encapsulated follicular-patterned thyroid tumors,No,Yes,No
tumors of uncertain malignant potential,No,Yes,No
non-invasive follicular thyroid neoplasm with papillary-like nuclear features,Yes,Yes,No
papillary thyroid carcinoma,Yes,Yes,No
follicular thyroid carcinoma,Yes,Yes,No
hürthle (oncocytic) cell tumors,No,Yes,No
poorly differentiated thyroid carcinoma,No,Yes,No
anaplastic thyroid carcinoma,Yes,Yes,No
tumors of the adrenal cortex,No,Yes,No
sex cord–stromal tumors,No,Yes,No
myelolipoma,No,Yes,No
extra-adrenal paragangliomas,No,Yes,No
sympathetic paragangliomas,No,Yes,No
composite phaeochromocytoma,Yes,Yes,No
composite paraganglioma,Yes,Yes,No
neoplasms of the neuroendocrine pancreas,No,Yes,No
non-functioning (non-syndromic) neuroendocrine tumors,No,Yes,No
acth-producing tumor with cushing syndrome,No,Yes,No
pancreatic neuroendocrine carcinoma (poorly differentiated neuroendocrine neoplasm),No,Yes,No
mixed neuroendocrine–non-neuroendocrine neoplasms,No,Yes,No
mixed ductal–neuroendocrine carcinomas,No,Yes,No
mixed acinar–neuroendocrine carcinomas,No,Yes,No
inherited tumor syndromes,No,Yes,No
multiple endocrine neoplasia type 4,No,Yes,No
von hippel–lindau syndrome,No,Yes,No
schwannomatosis,No,Yes,No
mccune–albright syndrome,No,Yes,No
non-syndromic familial thyroid cancer,No,Yes,No
dicer1 syndrome,No,Yes,No
pilomyxoid astrocytoma,No,Yes,No
other neuroepithelial tumors,No,Yes,No
choroid glioma of the third ventricle,No,Yes,No
angiocentric glioma,Yes,Yes,No
papillary glioneuronal tumor,No,Yes,No
rosette-forming glioneuronal tumor of the fourth ventricle,No,Yes,No
paraganglioma (spinal),No,Yes,No
tumors of the pineal region,No,Yes,No
papillary tumor of the pineal region,No,Yes,No
cns primitive neuroectodermal tumors (pnets),No,Yes,No
meningeal tumors,No,Yes,No
meningiomas,Yes,Yes,No
tumors of the haematopoietic system,No,Yes,No
familial tumor syndromes,No,Yes,No
turcot syndrome,No,Yes,No
naevoid basal cell carcinoma syndrome,No,Yes,No
rhabdoid tumor predisposition syndrome,No,Yes,No
granular cell tumor of the neurohypophysis,No,Yes,No
pituitaryoma,No,Yes,No
spindle cell oncocytoma of the adenohypophysis,No,Yes,No
metastatic tumors of the cns,No,Yes,No
epithelioid glioblastoma,No,Yes,No
other astrocytic tumors,No,Yes,No
anaplastic pleomorphic xanthoastrocytoma,No,Yes,No
papillary ependymoma,No,Yes,No
clear cell ependymoma,No,Yes,No
tanycytic ependymoma,No,Yes,No
other gliomas,No,Yes,No
atypical choroid plexus papilloma,Yes,Yes,No
dysplastic cerebellar gangliocytoma (lhermitte-duclos disease),Yes,Yes,No
diffuse leptomeningeal glioneuronal tumor,No,Yes,No
extraventricular neurocytoma,Yes,Yes,No
medulloblastoma with extensive nodularity,No,Yes,No
cns neuroblastoma,No,Yes,No
cns ganglioneuroblastoma,No,Yes,No
cns embryonal tumor with rhabdoid features,No,Yes,No
cellular schwannoma,No,Yes,No
plexiform schwannoma,No,Yes,No
atypical neurofibroma,No,Yes,No
plexiform neurofibroma,No,Yes,No
hybrid nerve sheath tumors,No,Yes,No
mpnst with divergent differentiation,No,Yes,No
epithelioid mpnst,No,Yes,No
mpnst with perineurial differentiation,No,Yes,No
meningioma variants,No,Yes,No
meningothelial meningioma,No,Yes,No
fibrous meningioma,No,Yes,No
transitional meningioma,No,Yes,No
psammomatous meningioma,No,Yes,No
angiomatous meningioma,No,Yes,No
microcystic meningioma,No,Yes,No
secretory meningioma,No,Yes,No
lymphoplasmacyte-rich meningioma,No,Yes,No
metaplastic meningioma,No,Yes,No
choroid meningioma,No,Yes,No
clear cell meningioma,No,Yes,No
atypical meningioma,No,Yes,No
papillary meningioma,No,Yes,No
rhabdoid meningioma,No,Yes,No
anaplastic (malignant) meningioma,No,Yes,No
benign fibrous histiocytoma,No,Yes,No
meningeal melanocytosis,No,Yes,No
meningeal melanocytoma,No,Yes,No
meningeal melanoma,No,Yes,No
diffuse large b-cell lymphoma of the cns,No,Yes,No
corticoid-mitigated lymphoma,No,Yes,No
sentinel lesions,No,Yes,No
immunodeficiency-associated cns lymphomas,Yes,Yes,No
aids-related diffuse large b-cell lymphoma,No,Yes,No
mature teratoma,No,Yes,No
immature teratoma,No,Yes,No
mixed germ cell tumor,No,Yes,No
von hippel-lindau disease,No,Yes,No
tuberous sclerosis,No,Yes,No
adamantinomatous craniopharyngioma,Yes,Yes,No
papillary craniopharyngioma,Yes,Yes,No
granular cell tumor of the sellar region,No,Yes,No
spindle cell oncocytoma,Yes,Yes,No
invasive carcinoma of no special type,No,Yes,No
carcinoma with medullary features,No,Yes,No
metaplastic carcinoma,Yes,Yes,No
carcinoma with apocrine differentiation,Yes,Yes,No
polymorphous carcinoma,No,Yes,No
carcinoma with neuroendocrine features,No,Yes,No
columnar cell lesions,No,Yes,No
intraductal papillary lesions,No,Yes,No
solid papillary carcinoma,No,Yes,No
benign epithelial proliferations,No,Yes,No
benign vascular lesions,No,Yes,No
syringomatous tumour,Yes,Yes,No
extranodal marginal zone lymphomas of mucosa-associated lymphoid tissue,No,Yes,No
metastases of extramammary malignancies to the breast,No,Yes,No
carcinoma of the male breast,No,Yes,No
genetic susceptibility: inherited syndromes,No,Yes,No
"yolk sac tumor, postpubertal-type",No,Yes,No
"teratoma, postpubertal-type",Yes,Yes,No
"teratoma, prepubertal-type",Yes,Yes,No
"yolk sac tumor, prepubertal-type",No,Yes,No
"sertoli cell tumor, nos",No,Yes,No
"squamous cell carcinoma, usual type",No,Yes,No
"papillary carcinoma, nos",No,Yes,No
"tenosynovial giant cell tumour, localized type",No,Yes,No
"tenosynovial giant cell tumour, diffuse type",No,Yes,No
"myopericytoma, including myofibroma",Yes,Yes,No
"chondromas: enchondroma, periosteal chondroma",No,Yes,No
"mucosal melanomas (genital, oral, sinonasal)",No,Yes,No
"malignant neoplasms arising from spiradenoma, cylindroma, or spiradenocylindroma",Yes,Yes,No
"primary cutaneous peripheral t-cell lymphomas, rare subtypes",No,Yes,No
"primary cutaneous diffuse large b-cell lymphoma, leg type",Yes,Yes,No
"type a thymoma, including atypical variant",No,Yes,No
"teratoma, mature",No,Yes,No
"teratoma, immature",No,Yes,No
"diffuse large b-cell lymphoma (dlbcl), nos",No,Yes,No
"primary cutaneous dlbcl, leg type",No,Yes,No
"peripheral t-cell lymphoma, nos",Yes,Yes,No
"anaplastic large cell lymphoma, alk positive",No,Yes,No
"anaplastic large cell lymphoma, alk negative",No,Yes,No
"chronic myeloid leukaemia, bcr-abl1 positive",No,Yes,No
"chronic eosinophilic leukaemia, nos",No,Yes,No
"myeloproliferative neoplasm, unclassifiable",No,Yes,No
"atypical chronic myeloid leukaemia, bcr-abl1 negative",No,Yes,No
"aml with inv(3)(q21.3q26.2) or t(3;3)(q21.3;q26.2); gata2, mecom",No,Yes,No
"aml, not otherwise specified",No,Yes,No
"mixed phenotype acute leukaemia, nos – rare types",No,Yes,No
"ebv-positive diffuse large b-cell lymphoma, nos",No,Yes,No
"hhv8-positive diffuse large b-cell lymphoma, nos",No,Yes,No
"high-grade b-cell lymphoma, nos",Yes,Yes,No
"intestinal t-cell lymphoma, nos",Yes,Yes,No
"anaplastic large cell lymphoma, alk-positive",No,Yes,No
"anaplastic large cell lymphoma, alk-negative",No,Yes,No
"sinonasal papilloma, inverted type",Yes,Yes,No
"sinonasal papilloma, oncocytic type",Yes,Yes,No
"sinonasal papilloma, exophytic type",Yes,Yes,No
"tumors of the oropharynx (base of tongue, tonsils, adenoids)",No,Yes,No
"squamous cell carcinoma, hpv-positive",No,Yes,No
"squamous cell carcinoma, hpv-negative",No,Yes,No
"adenocarcinoma, nos",Yes,Yes,No
"primary intraosseous carcinoma, nos",No,Yes,No
"ameloblastoma, unicystic type",No,Yes,No
"diffuse astrocytoma, idh-mutant",No,Yes,No
"gemistocytic astrocytoma, idh-mutant",No,Yes,No
"diffuse astrocytoma, idh-wildtype",No,Yes,No
"diffuse astrocytoma, nos",No,Yes,No
"anaplastic astrocytoma, idh-mutant",No,Yes,No
"anaplastic astrocytoma, idh-wildtype",No,Yes,No
"anaplastic astrocytoma, nos",No,Yes,No
"glioblastoma, idh-wildtype",Yes,Yes,No
"glioblastoma, nos",No,Yes,No
"diffuse midline glioma, h3 k27m-mutant",No,Yes,No
"oligodendroglioma, nos",No,Yes,No
"anaplastic oligodendroglioma, nos",No,Yes,No
"oligoastrocytoma, nos",No,Yes,No
"anaplastic oligoastrocytoma, nos",No,Yes,No
"ependymoma, rela fusion-positive",No,Yes,No
"medulloblastoma, genetically defined",No,Yes,No
"medulloblastoma, wnt-activated",Yes,Yes,No
"medulloblastoma, histologically defined",Yes,Yes,No
"medulloblastoma, classic",No,Yes,No
"embryonal tumor with multilayered rosettes, c19mc-altered",No,Yes,No
"embryonal tumor with multilayered rosettes, nos",No,Yes,No
"cns embryonal tumor, nos",No,Yes,No
"ebv+ diffuse large b-cell lymphoma, nos",No,Yes,No
fibroblastic/myofibroblastic tumors,No,Yes,No
spindle cell/pleomorphic lipoma,Yes,Yes,No
spindle cell/sclerosing rhabdomyosarcoma,No,Yes,No
ectopic meningioma/meningothelial hamartoma,No,Yes,No
myoepithelioma/myoepithelial carcinoma/mixed tumour,No,Yes,No
keratinocytic/epidermal tumours,Yes,Yes,No
sclerosing/morphoeic basal cell carcinoma,Yes,Yes,No
conjunctival melanocytic intraepithelial neoplasia/primary acquired melanosis,No,Yes,No
signet-ring cell/histiocytoid carcinoma,Yes,Yes,No
hydrocytoma/cystadenoma,No,Yes,No
cutaneous adult t-cell leukaemia/lymphoma,No,Yes,No
primary cutaneous cd4+ small/medium t-cell lymphoproliferative disorder,No,Yes,No
chronic lymphocytic leukaemia/small lymphocytic lymphoma,Yes,Yes,No
indeterminate cell histiocytosis/indeterminate dendritic cell tumour,No,Yes,No
myoepithelial tumours / myoepithelial carcinoma,No,Yes,No
t lymphoblastic leukaemia / lymphoma,No,Yes,No
t cell/histiocyte-rich large b-cell lymphoma,No,Yes,No
adult t-cell leukaemia/lymphoma,Yes,Yes,No
primary cutaneous cd4 positive small/medium t-cell lymphoproliferative disorder,No,Yes,No
inflammatory pseudotumor-like follicular/fibroblastic dendritic cell sarcoma,No,Yes,No
myeloid/lymphoid neoplasms with pdgfra rearrangement,No,Yes,No
myeloid/lymphoid neoplasms with pdgfrb rearrangement,No,Yes,No
myeloid/lymphoid neoplasms with fgfr1 rearrangement,No,Yes,No
myeloid/lymphoid neoplasms with pcm1-jak2,No,Yes,No
myelodysplastic/myeloproliferative neoplasms,Yes,Yes,No
b lymphoblastic leukaemia/lymphoma with recurrent genetic abnormalities,No,Yes,No
b lymphoblastic leukaemia/lymphoma with t(9;22)(q34.1;q11.2); bcr-abl1,No,Yes,No
b lymphoblastic leukaemia/lymphoma with t(v;11q23); kmt2a-rearranged,No,Yes,No
b lymphoblastic leukaemia/lymphoma with t(12;21)(p13;q22); etv6-runx1,No,Yes,No
b lymphoblastic leukaemia/lymphoma with hyperdiploidy,No,Yes,No
b lymphoblastic leukaemia/lymphoma with hypodiploidy,No,Yes,No
b lymphoblastic leukaemia/lymphoma with t(5;14)(q31.1;q32.1); igh-il3,No,Yes,No
b lymphoblastic leukaemia/lymphoma with t(1;19)(q23;p13.3); tcf3-pbx1,No,Yes,No
b lymphoblastic leukaemia/lymphoma with iamp21,No,Yes,No
t lymphoblastic leukaemia/lymphoma,No,Yes,No
early t-cell precursor lymphoblastic leukaemia/lymphoma,No,Yes,No
nk-lymphoblastic leukaemia/lymphoma,Yes,Yes,No
t-cell/histiocyte-rich large b-cell lymphoma,Yes,Yes,No
prefibrotic/early primary myelofibrosis,No,Yes,No
borderline / low-grade malignant soft tissue tumors,No,Yes,No
extranodal nk/t-cell lymphoma,Yes,Yes,No
neuroectodermal / melanocytic tumors,No,Yes,No
ewing sarcoma / primitive neuroectodermal tumors,No,Yes,No
t-lymphoblastic leukaemia/lymphoma,Yes,Yes,No
lipoma/sialolipoma,No,Yes,No
odontogenic myxoma/myxofibroma,No,Yes,No
papillary/follicular conjunctivitis,No,Yes,No
solitary fibrous tumor/haemangiopericytoma,No,Yes,No
haemangiopericytoma / solitary fibrous tumor,No,Yes,No
desmoplastic/nodular medulloblastoma,No,Yes,No
large cell / anaplastic medulloblastoma,No,Yes,No
solitary fibrous tumor / haemangiopericytoma,No,Yes,No
undifferentiated pleomorphic sarcoma / malignant fibrous histiocytoma,No,Yes,No
"combined naevus, including combined bap1-inactivated naevus/melanocytoma",No,Yes,No
"splenic b-cell lymphoma/leukaemia, unclassifiable",No,Yes,No
"myelodysplastic/myeloproliferative neoplasm, unclassifiable",No,Yes,No
"mixed phenotype acute leukaemia, b/myeloid, nos",No,Yes,No
"mixed phenotype acute leukaemia, t/myeloid, nos",No,Yes,No
"b lymphoblastic leukaemia/lymphoma, not otherwise specified",No,Yes,No
"b lymphoblastic leukaemia/lymphoma, bcr-abl1-like",No,Yes,No
"ameloblastoma, extraosseous/peripheral type",No,Yes,No
"medulloblastoma, non-wnt/non-shh",Yes,Yes,No
secondary tumors and melanoma,No,Yes,No
adenomas and other premalignant neoplastic lesions,No,Yes,No
serrated polyps and serrated polyposis,No,Yes,No
focal nodular hyperplasia and hepatocellular adenoma,No,Yes,No
ductal adenocarcinoma variants and mixed neoplasms,No,Yes,No
tumours of the kidney and urinary tract,No,Yes,No
hereditary leiomyomatosis and renal cell carcinoma-associated renal cell carcinoma,No,Yes,No
mucinous tubular and spindle cell carcinoma,Yes,Yes,No
mixed epithelial and stromal tumor,No,Yes,No
stromal tumor of uncertain malignant potential and stromal sarcoma,No,Yes,No
mixed epithelial and stromal tumors,No,Yes,No
mixed and unclassified sex cord-stromal tumors,No,Yes,No
tumor containing both germ cell and sex cord-stromal elements,No,Yes,No
miscellaneous tumors of the testis and paratesticular tissue,No,Yes,No
tumors of collecting duct and rete testis,No,Yes,No
mesenchymal tumors of the spermatic cord and testicular adnexa,No,Yes,No
other mesenchymal tumors of the spermatic cord and testicular adnexa,No,Yes,No
pseudoglandular carcinoma,No,Yes,No
myositis ossificans and fibro-osseous pseudotumour of digits,Yes,Yes,No
non-ossifying fibroma and benign fibrous histiocytoma of bone,No,Yes,No
simple lentigo and lentiginous melanocytic naevus,Yes,Yes,No
deep penetrating naevus and melanocytoma,No,Yes,No
blue naevus and cellular blue naevus,No,Yes,No
endocrine mucin-producing sweat gland carcinoma,Yes,Yes,No
adenocarcinoma of anogenital mammary-like glands,No,Yes,No
fibroadenoma and phyllodes tumour of anogenital mammary-like glands,Yes,Yes,No
tumours of haematopoietic and lymphoid origin,Yes,Yes,No
secondary cutaneous involvement in t-cell lymphomas and leukaemias,Yes,Yes,No
cutaneous involvement in primarily extracutaneous b-cell lymphomas and leukaemias,Yes,Yes,No
introduction to histiocytic and dendritic cell neoplasms,No,Yes,No
dermatofibrosarcoma protuberans and variants,No,Yes,No
dermatofibroma (fibrous histiocytoma) and variants,No,Yes,No
myofibroma and myofibromatosis,Yes,Yes,No
cutaneous leiomyomas and variants,No,Yes,No
glomus tumour and variants,No,Yes,No
myopericytoma and variants,No,Yes,No
neurofibroma and variants,No,Yes,No
atypical fibroxanthoma and variants,No,Yes,No
mixed invasive mucinous and non-mucinous adenocarcinoma,No,Yes,No
mixed squamous cell and glandular papilloma,No,Yes,No
mature and immature teratoma,No,Yes,No
anaplastic large cell lymphoma and other rare mature t- and nk-cell lymphomas,No,Yes,No
mature t- and nk-cell neoplasms,No,Yes,No
ebv-positive t-cell and nk-cell lymphoproliferative diseases of childhood,No,Yes,No
plasmacytic hyperplasia and infectious mononucleosis-like ptld,No,Yes,No
acute myeloid leukaemia (aml) and related precursor neoplasms,No,Yes,No
light chain and heavy chain deposition diseases,No,Yes,No
angioimmunoblastic t-cell lymphoma and other nodal lymphomas of t follicular helper (tfh) cell origin,No,Yes,No
salivary gland tumors,No,Yes,No
salivary gland anlage tumor,No,Yes,No
benign and borderline lesions,No,Yes,No
chondroma and chondrosarcoma,No,Yes,No
tumors of the oral cavity and mobile tongue,No,Yes,No
soft tissue and neural tumors,No,Yes,No
schwannoma and neurofibroma,No,Yes,No
tumors and tumor-like lesions of the neck and lymph nodes,No,Yes,No
cysts and cyst-like lesions,Yes,Yes,No
dermoid and teratoid cysts,Yes,Yes,No
tumors of the salivary glands,No,Yes,No
canalicular adenoma and other ductal adenomas,No,Yes,No
odontogenic and maxillofacial bone tumors,No,Yes,No
odontogenic and non-odontogenic developmental cysts,No,Yes,No
lateral periodontal cyst and botryoid odontogenic cyst,Yes,Yes,No
glandular odontogenic cyst,Yes,Yes,No
malignant maxillofacial bone and cartilage tumors,No,Yes,No
benign maxillofacial bone and cartilage tumors,No,Yes,No
fibro-osseous and osteochondromatous lesions,No,Yes,No
giant cell lesions and simple bone cyst,No,Yes,No
tumors of the middle and inner ear,No,Yes,No
mixed epithelial and mesenchymal tumors,No,Yes,No
monodermal teratoma and somatic-type tumors arising from a dermoid cyst,No,Yes,No
lymphoid and myeloid tumors,No,Yes,No
epithelial tumors and cysts,No,Yes,No
tumors of the broad ligament and other uterine ligaments,No,Yes,No
mesenchymal and mixed tumors,No,Yes,No
epithelial tumors and precursors,No,Yes,No
squamous cell tumors and precursors,No,Yes,No
glandular tumors and precursors,No,Yes,No
benign glandular tumors and tumor-like lesions,No,Yes,No
mesenchymal tumors and tumor-like lesions,No,Yes,No
glandular tumors,No,Yes,No
benign glandular lesions,Yes,Yes,No
tumors of the conjunctiva and caruncle,No,Yes,No
pseudoglandular and pseudoepitheliomatous hyperplasia,No,Yes,No
hamartomas and choristomas,No,Yes,No
ectopic lacrimal gland,No,Yes,No
choroidal and ciliary body melanomas,Yes,Yes,No
choroidal and ciliary body naevi,Yes,Yes,No
neurofibroma and ganglioneuroma,No,Yes,No
tumors of the retina and retinal pigment epithelium,No,Yes,No
astrocytic hamartoma and astrocytoma,No,Yes,No
nodular and massive retinal gliosis,Yes,Yes,No
simple and combined hamartomas,No,Yes,No
tumors of the optic disc and optic nerve,No,Yes,No
astrocytoma and glioblastoma,No,Yes,No
tumors of the lacrimal gland,No,Yes,No
tumors of the pituitary gland,No,Yes,No
plurihormonal and double adenomas,No,Yes,No
neuronal and paraneuronal tumors,No,Yes,No
gangliocytoma and mixed gangliocytoma-adenoma,No,Yes,No
mesenchymal and stromal tumors,No,Yes,No
tumors of the thyroid gland,No,Yes,No
mixed medullary and follicular thyroid carcinoma,No,Yes,No
tumors of the parathyroid glands,No,Yes,No
tumors of the adrenal medulla and extra-adrenal paraganglia,No,Yes,No
head and neck paragangliomas,No,Yes,No
neuroblastic tumors of the adrenal gland,No,Yes,No
serotonin-producing tumors with and without carcinoid syndrome,No,Yes,No
cowden syndrome and pten-related lesions,No,Yes,No
familial adenomatous polyposis and apc-related lesions,No,Yes,No
werner syndrome and carney complex,No,Yes,No
glucagon cell hyperplasia and neoplasia,No,Yes,No
desmoplastic infantile astrocytoma and ganglioglioma,No,Yes,No
ganglioglioma and gangliocytoma,No,Yes,No
central neurocytoma and extraventricular neurocytoma,No,Yes,No
tumors of the cranial and paraspinal nerves,No,Yes,No
von hippel-lindau disease and haemangioblastoma,No,Yes,No
tuberous sclerosis complex and subependymal giant cell astrocytoma,No,Yes,No
li-fraumeni syndrome and tp53 germline mutations,No,Yes,No
diffuse astrocytic and oligodendroglial tumors,No,Yes,No
tubular carcinoma and cribriform carcinoma,No,Yes,No
mucinous carcinoma and carcinoma with signet-ring-cell differentiation,No,Yes,No
bilateral breast carcinoma and non-synchronous breast carcinoma,No,Yes,No
radial scar and complex sclerosing lesion,No,Yes,No
myopathies and epithelial-myoepithelial lesions,No,Yes,No
myoepithelioma and epithelial-myoepithelial lesions,No,Yes,No
adenomyoepithelioma and adenomyoepithelioma with carcinoma,No,Yes,No
granular cell tumour and benign peripheral nerve-sheath tumour,No,Yes,No
leiomyoma and leiomyosarcoma,No,Yes,No
lymphoid and haematopoietic tumours,No,Yes,No
brca1 and brca2 syndromes,No,Yes,No
"carcinoma of skene, cowper, and littre glands",No,Yes,No
"mixed teratoma and yolk sac tumor, prepubertal-type",No,Yes,No
"junctional, compound, and dermal naevus",No,Yes,No
"pleomorphic, spindle cell, and giant cell carcinoma",No,Yes,No
"sarcomatoid, desmoplastic, and biphasic mesothelioma",No,Yes,No
"b-cell lymphoma, unclassifiable, with features intermediate between dlbcl and burkitt lymphoma",No,Yes,No
"b-cell lymphoma, unclassifiable, with features intermediate between dlbcl and classical hodgkin lymphoma",No,Yes,No
"chronic active ebv infection of t- and nk-cell type, systemic form",No,Yes,No
"myeloid and lymphoid neoplasms with eosinophilia and abnormalities of pdgfra, pdgfrb, or fgfr1",No,Yes,No
"tumors of the nasal cavity, paranasal sinuses, and skull base",No,Yes,No
"tumors of the hypopharynx, larynx, trachea, and parapharyngeal space",No,Yes,No
"germ cell, lymphoid, and myeloid tumors",No,Yes,No
"germ cell, lymphoid, myeloid, and secondary tumors",No,Yes,No
"conjunctival junctional, compound, and subepithelial naevi",Yes,Yes,No
"tumors of the iris, ciliary body, and choroid",No,Yes,No
"secondary, mesenchymal, and other tumors",No,Yes,No
"familial paraganglioma–phaeochromocytoma syndromes caused by sdhb, sdhc, and sdhd mutations",No,Yes,No
"medulloblastoma, shh-activated and tp53-mutant",Yes,Yes,No
"medulloblastoma, shh-activated and tp53-wildtype",Yes,Yes,No
"adenosis, sclerosing adenosis and apocrine adenosis",No,Yes,No
"microglandular adenosis, atypical microglandular adenosis and microglandular adenosis with carcinoma",No,Yes,No
t-lymphoblastic and b-lymphoblastic leukaemia/lymphoma,No,Yes,No
monomorphic ptld (b- and t/nk-cell types),No,Yes,No
high-grade b-cell lymphoma with myc and bcl2 and/or bcl6 rearrangements,No,Yes,No
myeloid/lymphoid neoplasms with eosinophilia and gene rearrangement,No,Yes,No
cowden disease and dysplastic gangliocytoma of the cerebellum / lhermitte-duclos disease,No,Yes,No
salivary gland/skin adnexal type tumours,No,Yes,No
"oligodendroglioma, idh-mutant and 1p/19q-codeleted",Yes,Yes,No
"anaplastic oligodendroglioma, idh-mutant and 1p/19q-codeleted",No,Yes,No
enchondroma,Yes,Yes,No
periosteal chondroma,Yes,Yes,No
mucosal melanomas (sinonasal),No,Yes,No
mucosal melanomas (genital),No,Yes,No
mucosal melanomas (oral),No,Yes,No
malignant neoplasms arising from spiradenocylindroma,Yes,Yes,No
malignant neoplasms arising from spiradenoma,Yes,Yes,No
malignant neoplasms arising from cylindroma,Yes,Yes,No
tumors of the oropharynx (base of tongue),No,Yes,No
tumors of the oropharynx (tonsils),No,Yes,No
tumors of the oropharynx (adenoids),No,Yes,No
fibroblastic tumors,No,Yes,No
myofibroblastic tumors,No,Yes,No
spindle cell rhabdomyosarcoma,Yes,Yes,No
sclerosing rhabdomyosarcoma,Yes,Yes,No
ectopic meningioma,Yes,Yes,No
meningothelial hamartoma,Yes,Yes,No
epidermal tumours,Yes,Yes,No
sclerosing basal cell carcinoma,Yes,Yes,No
morphoeic basal cell carcinoma,Yes,Yes,No
primary acquired melanosis,No,Yes,No
signet-ring cell carcinoma,Yes,Yes,No
histiocytoid carcinoma,Yes,Yes,No
hydrocytoma,No,Yes,No
primary cutaneous cd4+ small t-cell lymphoproliferative disorder,No,Yes,No
primary cutaneous cd4+ medium t-cell lymphoproliferative disorder,No,Yes,No
indeterminate dendritic cell tumour,Yes,Yes,No
myoepithelial tumours,No,Yes,No
t lymphoblastic leukaemia,No,Yes,No
t lymphoblastic lymphoma,No,Yes,No
primary cutaneous cd4 positive small t-cell lymphoproliferative disorder,No,Yes,No
primary cutaneous cd4 positive medium t-cell lymphoproliferative disorder,No,Yes,No
inflammatory pseudotumor-like follicular dendritic cell sarcoma,No,Yes,No
inflammatory pseudotumor-like fibroblastic dendritic cell sarcoma,No,Yes,No
myeloid neoplasms with pdgfra rearrangement,No,Yes,No
lymphoid neoplasms with pdgfra rearrangement,No,Yes,No
myeloid neoplasms with pdgfrb rearrangement,No,Yes,No
lymphoid neoplasms with pdgfrb rearrangement,No,Yes,No
myeloid neoplasms with fgfr1 rearrangement,No,Yes,No
lymphoid neoplasms with fgfr1 rearrangement,No,Yes,No
myeloid neoplasms with pcm1-jak2,No,Yes,No
lymphoid neoplasms with pcm1-jak2,No,Yes,No
myelodysplastic neoplasms,Yes,Yes,No
b lymphoblastic leukaemia with recurrent genetic abnormalities,No,Yes,No
b lymphoblastic lymphoma with recurrent genetic abnormalities,No,Yes,No
b lymphoblastic leukaemia with t(9;22)(q34.1;q11.2); bcr-abl1,No,Yes,No
b lymphoblastic lymphoma with t(9;22)(q34.1;q11.2); bcr-abl1,No,Yes,No
b lymphoblastic leukaemia with t(v;11q23); kmt2a-rearranged,No,Yes,No
b lymphoblastic lymphoma with t(v;11q23); kmt2a-rearranged,No,Yes,No
b lymphoblastic leukaemia with t(12;21)(p13;q22); etv6-runx1,No,Yes,No
b lymphoblastic lymphoma with t(12;21)(p13;q22); etv6-runx1,No,Yes,No
b lymphoblastic leukaemia with hyperdiploidy,No,Yes,No
b lymphoblastic lymphoma with hyperdiploidy,No,Yes,No
b lymphoblastic leukaemia with hypodiploidy,No,Yes,No
b lymphoblastic lymphoma with hypodiploidy,No,Yes,No
b lymphoblastic leukaemia with t(5;14)(q31.1;q32.1); igh-il3,No,Yes,No
b lymphoblastic lymphoma with t(5;14)(q31.1;q32.1); igh-il3,No,Yes,No
b lymphoblastic leukaemia with t(1;19)(q23;p13.3); tcf3-pbx1,No,Yes,No
b lymphoblastic lymphoma with t(1;19)(q23;p13.3); tcf3-pbx1,No,Yes,No
b lymphoblastic leukaemia with iamp21,No,Yes,No
b lymphoblastic lymphoma with iamp21,No,Yes,No
early t-cell precursor lymphoblastic leukaemia,No,Yes,No
early t-cell precursor lymphoblastic lymphoma,No,Yes,No
nk-lymphoblastic leukaemia,Yes,Yes,No
nk-lymphoblastic lymphoma,Yes,Yes,No
prefibrotic primary myelofibrosis,No,Yes,No
early primary myelofibrosis,No,Yes,No
borderline malignant soft tissue tumors,No,Yes,No
low-grade malignant soft tissue tumors,No,Yes,No
extranodal nk-cell lymphoma,Yes,Yes,No
extranodal t-cell lymphoma,Yes,Yes,No
primitive neuroectodermal tumors,No,Yes,No
t-lymphoblastic leukaemia,Yes,Yes,No
t-lymphoblastic lymphoma,Yes,Yes,No
sialolipoma,Yes,Yes,No
odontogenic myxofibroma,No,Yes,No
papillary conjunctivitis,Yes,Yes,No
follicular conjunctivitis,Yes,Yes,No
nodular medulloblastoma,No,Yes,No
anaplastic medulloblastoma,No,Yes,No
"combined naevus, including combined bap1-inactivated naevus",No,Yes,No
"combined naevus, including combined bap1-inactivated melanocytoma",No,Yes,No
"extranodal nk-cell lymphoma, nasal type",No,Yes,No
"extranodal t-cell lymphoma, nasal type",No,Yes,No
"splenic b-cell lymphoma, unclassifiable",No,Yes,No
"splenic b-cell leukaemia, unclassifiable",No,Yes,No
"myelodysplastic neoplasm, unclassifiable",No,Yes,No
"b lymphoblastic leukaemia, not otherwise specified",No,Yes,No
"b lymphoblastic lymphoma, not otherwise specified",No,Yes,No
"b lymphoblastic leukaemia, bcr-abl1-like",No,Yes,No
"b lymphoblastic lymphoma, bcr-abl1-like",No,Yes,No
"ameloblastoma, extraosseous type",No,Yes,No
"ameloblastoma, peripheral type",No,Yes,No
other premalignant neoplastic lesions,No,Yes,No
serrated polyps,No,Yes,No
serrated polyposis,No,Yes,No
focal nodular hyperplasia,No,Yes,No
hepatocellular adenoma,Yes,Yes,No
ductal adenocarcinoma variants,No,Yes,No
mixed neoplasms,No,Yes,No
hereditary leiomyomatosis,No,Yes,No
renal cell carcinoma-associated renal cell carcinoma,No,Yes,No
tumors of collecting duct,No,Yes,No
tumors of rete testis,No,Yes,No
mesenchymal tumors of the spermatic cord,No,Yes,No
mesenchymal tumors of the testicular adnexa,No,Yes,No
other mesenchymal tumors of the spermatic cord,No,Yes,No
other mesenchymal tumors of the testicular adnexa,No,Yes,No
fibro-osseous pseudotumour of digits,Yes,Yes,No
non-ossifying fibroma of bone,No,Yes,No
simple lentigo,Yes,Yes,No
lentiginous melanocytic naevus,Yes,Yes,No
fibroadenoma of anogenital mammary-like glands,Yes,Yes,No
phyllodes tumour of anogenital mammary-like glands,Yes,Yes,No
tumours of haematopoietic origin,Yes,Yes,No
tumours of lymphoid origin,Yes,Yes,No
secondary cutaneous involvement in t-cell lymphomas,Yes,Yes,No
secondary cutaneous involvement in t-cell leukaemias,Yes,Yes,No
cutaneous involvement in primarily extracutaneous b-cell lymphomas,Yes,Yes,No
cutaneous involvement in primarily extracutaneous b-cell leukaemias,Yes,Yes,No
other rare mature t- and nk-cell lymphomas,No,Yes,No
other rare mature t-cell lymphomas,No,Yes,No
other rare mature nk-cell lymphomas,No,Yes,No
ebv-positive t-cell lymphoproliferative diseases of childhood,No,Yes,No
ebv-positive nk-cell lymphoproliferative diseases of childhood,No,Yes,No
plasmacytic hyperplasia,No,Yes,No
infectious mononucleosis-like ptld,No,Yes,No
light chain deposition diseases,No,Yes,No
heavy chain deposition diseases,No,Yes,No
other nodal lymphomas of t follicular helper (tfh) cell origin,No,Yes,No
benign lesions,No,Yes,No
borderline lesions,No,Yes,No
tumors of the oral cavity,No,Yes,No
tumors of the mobile tongue,No,Yes,No
neural tumors,No,Yes,No
tumors of the neck and lymph nodes,No,Yes,No
tumor-like lesions of the neck and lymph nodes,No,Yes,No
cyst-like lesions,Yes,Yes,No
dermoid cysts,Yes,Yes,No
teratoid cysts,Yes,Yes,No
other ductal adenomas,No,Yes,No
odontogenic bone tumors,No,Yes,No
maxillofacial bone tumors,No,Yes,No
odontogenic developmental cysts,No,Yes,No
non-odontogenic developmental cysts,No,Yes,No
lateral periodontal cyst,Yes,Yes,No
botryoid odontogenic cyst,Yes,Yes,No
malignant maxillofacial bone tumors,No,Yes,No
malignant cartilage tumors,No,Yes,No
benign maxillofacial bone tumors,No,Yes,No
benign cartilage tumors,No,Yes,No
fibro-osseous lesions,No,Yes,No
osteochondromatous lesions,No,Yes,No
giant cell lesions,Yes,Yes,No
tumors of the middle ear,No,Yes,No
tumors of the inner ear,No,Yes,No
monodermal teratoma arising from a dermoid cyst,No,Yes,No
somatic-type tumors arising from a dermoid cyst,No,Yes,No
lymphoid tumors,No,Yes,No
myeloid tumors,No,Yes,No
epithelial cysts,No,Yes,No
tumors of the broad ligament,No,Yes,No
tumors of other uterine ligaments,No,Yes,No
mixed tumors,No,Yes,No
benign glandular tumors,No,Yes,No
benign glandular tumor-like lesions,No,Yes,No
mesenchymal tumor-like lesions,No,Yes,No
tumors of the conjunctiva,No,Yes,No
tumors of the caruncle,No,Yes,No
pseudoglandular hyperplasia,No,Yes,No
pseudoepitheliomatous hyperplasia,No,Yes,No
hamartomas,Yes,Yes,No
choristomas,Yes,Yes,No
choroidal melanomas,Yes,Yes,No
ciliary body melanomas,Yes,Yes,No
choroidal naevi,Yes,Yes,No
ciliary body naevi,Yes,Yes,No
ganglioneuroma,Yes,Yes,No
tumors of the retina,No,Yes,No
astrocytic hamartoma,No,Yes,No
astrocytoma,No,Yes,No
nodular retinal gliosis,Yes,Yes,No
massive retinal gliosis,Yes,Yes,No
simple hamartomas,No,Yes,No
combined hamartomas,No,Yes,No
tumors of the optic disc,No,Yes,No
tumors of the optic nerve,No,Yes,No
plurihormonal,No,Yes,No
double adenomas,No,Yes,No
paraneuronal tumors,No,Yes,No
mixed gangliocytoma-adenoma,No,Yes,No
stromal tumors,No,Yes,No
mixed medullary thyroid carcinoma,No,Yes,No
mixed follicular thyroid carcinoma,No,Yes,No
tumors of the adrenal medulla,No,Yes,No
tumors of the extra-adrenal paraganglia,No,Yes,No
head paragangliomas,No,Yes,No
neck paragangliomas,No,Yes,No
serotonin-producing tumors with carcinoid syndrome,No,Yes,No
serotonin-producing tumors without carcinoid syndrome,No,Yes,No
pten-related lesions,No,Yes,No
apc-related lesions,No,Yes,No
entraextraventricular neurocytoma,No,Yes,No
tumors of the cranial nerves,No,Yes,No
tumors of the paraspinal nerves,No,Yes,No
diffuse astrocytic tumors,No,Yes,No
carcinoma with signet-ring-cell differentiation,No,Yes,No
non-synchronous breast carcinoma,No,Yes,No
myoepithelioma lesions,No,Yes,No
epithelial-myoepithelial lesions,No,Yes,No
adenomyoepithelioma with carcinoma,No,Yes,No
benign peripheral nerve-sheath tumour,No,Yes,No
carcinoma of skene,No,Yes,No
carcinoma of cowper,No,Yes,No
carcinoma of littre glands,No,Yes,No
"mixed teratoma, prepubertal-type",Yes,Yes,No
junctional naevus,No,Yes,No
dermal naevus,No,Yes,No
compound naevus,No,Yes,No
pleomorphic spindle cell carcinoma,No,Yes,No
"myeloid neoplasms with eosinophilia and abnormalities of pdgfra, pdgfrb, or fgfr1",No,Yes,No
"lymphoid neoplasms with eosinophilia and abnormalities of pdgfra, pdgfrb, or fgfr1",No,Yes,No
tumors of the skull base,No,Yes,No
tumors of the nasal cavity,No,Yes,No
tumors of the paranasal sinuses,No,Yes,No
tumors of the trachea,No,Yes,No
tumors of the parapharyngeal space,No,Yes,No
tumors of the hypopharynx,No,Yes,No
tumors of the larynx,No,Yes,No
lymphoid  tumors,No,Yes,No
germ cell  tumors,No,Yes,No
adenosis,Yes,Yes,No
microglandular adenosis with carcinoma,No,Yes,No
atypical microglandular adenosis,No,Yes,No
b-lymphoblastic leukaemia/lymphoma,Yes,Yes,No
b-lymphoblastic leukaemia,Yes,Yes,No
b-lymphoblastic lymphoma,Yes,Yes,No
monomorphic ptld (b-cell types),No,Yes,No
monomorphic ptld (t/nk-cell types),No,Yes,No
monomorphic ptld (t-cell types),No,Yes,No
monomorphic ptld (nk-cell types),No,Yes,No
myeloid neoplasms with eosinophilia and gene rearrangement,No,Yes,No
lymphoid neoplasms with eosinophilia and gene rearrangement,No,Yes,No
cowden disease and dysplastic gangliocytoma of the cerebellum,No,Yes,No
lhermitte-duclos disease,No,Yes,No
skin adnexal type tumours,No,Yes,No
"acute leukaemia of ambiguous lineage, immunophenotypically defined",Yes,No,No
"acute leukaemia of ambiguous lineage, nos",Yes,No,No
"acute myeloid leukaemia, defined by differentiation",Yes,No,No
"acute myeloid leukaemia, myelodysplasia-related",Yes,No,No
"adenocarcinoma in situ, hpv-associated, of the uterine cervix",Yes,No,No
"adenocarcinoma in situ, hpv-independent, of the uterine cervix",Yes,No,No
"adenocarcinoma, hpv-associated, of the uterine cervix",Yes,No,No
"adenocarcinoma, hpv-associated, of the vagina",Yes,No,No
"adenocarcinoma, hpv-independent, clear cell type, of the uterine cervix",Yes,No,No
"adenocarcinoma, hpv-independent, gastric type, of the uterine cervix",Yes,No,No
"adenocarcinoma, hpv-independent, mesonephric type, of the uterine cervix",Yes,No,No
"adnexal adenocarcinoma, nos",Yes,No,No
"ameloblastoma, conventional",Yes,No,No
"ameloblastoma, unicystic",Yes,No,No
"astroblastoma, mn1-altered",Yes,No,No
"astrocytoma, idh-mutant",Yes,No,No
"carcinoma of the uterine cervix, unclassifiable",Yes,No,No
"cns neuroblastoma, foxr2-activated",Yes,No,No
"columnar cell lesions, including flat epithelial atypia",Yes,No,No
"cutaneous involvement in myeloid neoplasms, including myeloid sarcoma",Yes,No,No
"desmoplastic myxoid tumour of the pineal region, smarcb1-mutant",Yes,No,No
"differentiated penile intraepithelial neoplasia, hpv-independent",Yes,No,No
"diffuse astrocytoma, myb- or mybl1-altered",Yes,No,No
"diffuse hemispheric glioma, h3 g34-mutant",Yes,No,No
"diffuse large b-cell lymphoma, nos",Yes,No,No
"diffuse low-grade glioma, mapk pathway-altered",Yes,No,No
"diffuse midline glioma, h3 k27-altered",Yes,No,No
"fibrous, fibroblastic tumours",Yes,No,No
"fibrous, fibroblastic tumours of orbital bone",Yes,No,No
"ganglioneuroblastoma, intermixed",Yes,No,No
"intracranial mesenchymal tumour, fet::creb fusion-positive",Yes,No,No
"medulloblastomas, histologically defined",Yes,No,No
"medulloblastomas, molecularly defined",Yes,No,No
"mesenchymal, non-meningothelial tumours involving the cns",Yes,No,No
"mixed germ cell-sex cord-stromal tumour, unclassified",Yes,No,No
"mixed-phenotype acute leukaemia, rare types",Yes,No,No
"mucinous carcinoma, gastric type, of the vagina",Yes,No,No
"mucinous carcinoma, intestinal type, of the vagina",Yes,No,No
"myelodysplastic neoplasm, hypoplastic",Yes,No,No
"myelodysplastic neoplasms, morphologically defined",Yes,No,No
"myelodysplastic neoplasms, with defining genetic abnormalities",Yes,No,No
"myeloid neoplasms, secondary",Yes,No,No
"myeloproliferative neoplasm, nos",Yes,No,No
"nodal t follicular helper lymphoma, angioimmunoblastic type",Yes,No,No
"nodal tfh cell lymphoma, angioimmunoblastic-type",Yes,No,No
"nodal tfh cell lymphoma, follicular-type",Yes,No,No
"nodal tfh cell lymphoma, nos",Yes,No,No
"non-invasive papillary urothelial carcinoma, high-grade",Yes,No,No
"non-invasive papillary urothelial carcinoma, low-grade",Yes,No,No
"oropharyngeal tumours (base of tongue, tonsils, adenoids)",Yes,No,No
oropharyngeal tumours (base of tongue),Yes,No,No
oropharyngeal tumours (tonsils),Yes,No,No
oropharyngeal tumours (adenoids),Yes,No,No
"pecoma, including angiomyolipoma",Yes,No,No
"penile intraepithelial neoplasia, hpv-associated",Yes,No,No
"primary cutaneous peripheral t-cell lymphoma, nos",Yes,No,No
"primary intracranial sarcoma, dicer1-mutant",Yes,No,No
"small cell carcinoma of the ovary, hypercalcaemic type",Yes,No,No
"spinal ependymoma, mycn-amplified",Yes,No,No
"squamous cell carcinoma precursors, hpv-associated",Yes,No,No
"squamous cell carcinoma precursors, hpv-independent",Yes,No,No
"squamous cell carcinoma, hpv-associated",Yes,No,No
"squamous cell carcinoma, hpv-associated, of the uterine cervix",Yes,No,No
"squamous cell carcinoma, hpv-associated, of the vagina",Yes,No,No
"squamous cell carcinoma, hpv-associated, of the vulva",Yes,No,No
"squamous cell carcinoma, hpv-independent",Yes,No,No
"squamous cell carcinoma, hpv-independent, of the uterine cervix",Yes,No,No
"squamous cell carcinoma, hpv-independent, of the vagina",Yes,No,No
"squamous cell carcinoma, hpv-independent, of the vulva",Yes,No,No
"squamous intraepithelial lesions, hpv-associated, of the vulva",Yes,No,No
"supratentorial ependymoma, yap1 fusion-positive",Yes,No,No
"supratentorial ependymoma, zfta fusion-positive",Yes,No,No
"testicular neuroendocrine tumour, prepubertal-type",Yes,No,No
"vulvar intraepithelial neoplasia, hpv-independent",Yes,No,No
"yolk sac tumour, postpubertal-type",Yes,No,No
"yolk sac tumour, prepubertal-type",Yes,No,No
acidophil stem cell pitnet/adenoma,Yes,No,No
acidophil stem cell pitnet,Yes,No,No
acidophil stem cell adenoma,Yes,No,No
adult t cell leukaemia/lymphoma,Yes,No,No
adult t cell leukaemia,Yes,No,No
adult t cell lymphoma,Yes,No,No
anaplastic large cell lymphoma (alk+/alk‚àí),Yes,No,No
arteriovenous malformation/haemangioma,Yes,No,No
atypical lipomatous tumour / well-differentiated liposarcoma,Yes,No,No
well-differentiated liposarcoma,Yes,No,No
atypical spindle cell / pleomorphic lipomatous tumour,Yes,No,No
atypical spindle cell lipomatous tumour,Yes,No,No
atypical pleomorphic lipomatous tumour,Yes,No,No
atypical teratoid/rhabdoid tumour,Yes,No,No
b lymphoblastic leukaemia/lymphoma with etv6::runx1 fusion,Yes,No,No
b lymphoblastic leukaemia with etv6::runx1 fusion,Yes,No,No
b lymphoblastic lymphoma with etv6::runx1 fusion,Yes,No,No
b lymphoblastic leukaemia/lymphoma with igh::il3 fusion,Yes,No,No
b lymphoblastic leukaemia with igh::il3 fusion,Yes,No,No
b lymphoblastic lymphoma with igh::il3 fusion,Yes,No,No
b lymphoblastic leukaemia/lymphoma with kmt2a rearrangement,Yes,No,No
b lymphoblastic leukaemia with kmt2a rearrangement,Yes,No,No
b lymphoblastic lymphoma with kmt2a rearrangement,Yes,No,No
b lymphoblastic leukaemia/lymphoma with tcf3::hlf fusion,Yes,No,No
b lymphoblastic leukaemia with tcf3::hlf fusion,Yes,No,No
b lymphoblastic lymphoma with tcf3::hlf fusion,Yes,No,No
b lymphoblastic leukaemia/lymphoma with tcf3::pbx1 fusion,Yes,No,No
b lymphoblastic leukaemia with tcf3::pbx1 fusion,Yes,No,No
b lymphoblastic lymphoma with tcf3::pbx1 fusion,Yes,No,No
b-lymphoblastic leukaemia/lymphoma with bcr::abl1-like features,Yes,No,No
b-lymphoblastic leukaemia with bcr::abl1-like features,Yes,No,No
b-lymphoblastic lymphoma with bcr::abl1-like features,Yes,No,No
b-lymphoblastic leukaemia/lymphoma with cancer is bcr::abl1 fusion,Yes,No,No
b-lymphoblastic leukaemia with cancer is bcr::abl1 fusion,Yes,No,No
b-lymphoblastic lymphoma with cancer is bcr::abl1 fusion,Yes,No,No
b-lymphoblastic leukaemia/lymphoma with etv6::runx1-like features,Yes,No,No
b-lymphoblastic leukaemia with etv6::runx1-like features,Yes,No,No
b-lymphoblastic lymphoma with etv6::runx1-like features,Yes,No,No
b-lymphoblastic leukaemia/lymphoma with high hyperdiploidy,Yes,No,No
b-lymphoblastic leukaemia with high hyperdiploidy,Yes,No,No
b-lymphoblastic lymphoma with high hyperdiploidy,Yes,No,No
b-lymphoblastic leukaemia/lymphoma with hypodiploidy,Yes,No,No
b-lymphoblastic leukaemia with hypodiploidy,Yes,No,No
b-lymphoblastic lymphoma with hypodiploidy,Yes,No,No
b-lymphoblastic leukaemia/lymphoma with iamp21,Yes,No,No
b-lymphoblastic leukaemia with iamp21,Yes,No,No
b-lymphoblastic lymphoma with iamp21,Yes,No,No
b-lymphoblastic leukaemia/lymphoma with other defined genetic alterations,Yes,No,No
b-lymphoblastic leukaemia with other defined genetic alterations,Yes,No,No
b-lymphoblastic lymphoma with other defined genetic alterations,Yes,No,No
b-lymphoblastic leukaemias/lymphomas,Yes,No,No
b-lymphoblastic leukaemias,Yes,No,No
b-lymphoblastic lymphomas,Yes,No,No
benign acanthomas/keratoses,Yes,No,No
benign acanthomas,Yes,No,No
benign keratoses,Yes,No,No
benign triton tumour / neuromuscular choristoma,Yes,No,No
neuromuscular choristoma,Yes,No,No
bronchiolar adenoma / ciliated muconodular papillary tumour,Yes,No,No
bronchiolar adenoma,Yes,No,No
ciliated muconodular papillary tumour,Yes,No,No
carcinoid/neuroendocrine tumour of the lung,Yes,No,No
carcinoid tumour of the lung,Yes,No,No
neuroendocrine tumour of the lung,Yes,No,No
carcinoid/neuroendocrine tumour of the thymus,Yes,No,No
carcinoid tumour of the thymus,Yes,No,No
neuroendocrine tumour of the thymus,Yes,No,No
central primitive neuroectodermal tumour / cns embryonal tumour,Yes,No,No
central primitive neuroectodermal tumour,Yes,No,No
cns embryonal tumour,Yes,No,No
classic angiomyolipoma / pecoma of the kidney,Yes,No,No
classic angiomyolipoma,Yes,No,No
pecoma of the kidney,Yes,No,No
cns embryonal tumour nec/nos,Yes,No,No
composite phaeochromocytoma/paraganglioma,Yes,No,No
corticotroph pitnet/adenoma,Yes,No,No
corticotroph pitnet,Yes,No,No
dermal hyperneury/epithelial sheath neuroma,Yes,No,No
dermal hyperneury,Yes,No,No
epithelial sheath neuroma,Yes,No,No
desmoplastic infantile ganglioglioma / desmoplastic infantile astrocytoma,Yes,No,No
early t-precursor lymphoblastic leukaemia / lymphoma,Yes,No,No
early t-precursor lymphoblastic leukaemia,Yes,No,No
early t-precursor lymphoblastic lymphoma,Yes,No,No
ectopic or invasive pitnet / pituitary adenoma,Yes,No,No
ectopic pitnet,Yes,No,No
invasive pitnet,Yes,No,No
invasive pituitary adenoma,Yes,No,No
endometrial atypical hyperplasia / endometrioid intraepithelial neoplasia,Yes,No,No
endometrial atypical hyperplasia,Yes,No,No
endometrioid intraepithelial neoplasia,Yes,No,No
epithelioid angiomyolipoma / epithelioid pecoma of the kidney,Yes,No,No
epithelioid angiomyolipoma of the kidney,Yes,No,No
epithelioid pecoma of the kidney,Yes,No,No
fasciitis/myositis,Yes,No,No
fasciitis,Yes,No,No
myositis,Yes,No,No
gastrointestinal clear cell sarcoma / malignant gastrointestinal neuroectodermal tumour,Yes,No,No
gastrointestinal clear cell sarcoma,Yes,No,No
malignant gastrointestinal neuroectodermal tumour,Yes,No,No
germinoma/dysgerminoma/seminoma,Yes,No,No
dysgerminoma,Yes,No,No
gonadotroph pitnet/adenoma,Yes,No,No
gonadotroph pitnet,Yes,No,No
hidrocystoma/cystadenoma,Yes,No,No
hidrocystoma,Yes,No,No
histiocyte/macrophage neoplasms,Yes,No,No
histiocyte neoplasms,Yes,No,No
macrophage neoplasms,Yes,No,No
histiocytic/dendritic cell neoplasms,Yes,No,No
histiocytic neoplasms,Yes,No,No
hyperplasias arising in immune deficiency/dysregulation,Yes,No,No
hyperplasias arising in immune deficiency,Yes,No,No
hyperplasias arising in immune dysregulation,Yes,No,No
immature pit1-lineage pitnet/adenoma,Yes,No,No
immature pit1-lineage pitnet,Yes,No,No
immature pit1-lineage adenoma,Yes,No,No
intracholecystic papillary neoplasm (formerly intracystic / intraductal papillary neoplasm),Yes,No,No
intracholecystic papillary neoplasm (formerly intracystic papillary neoplasm),Yes,No,No
intracholecystic papillary neoplasm (formerly intraductal papillary neoplasm),Yes,No,No
intramuscular/juxta-articular myxoma,Yes,No,No
kshv/hhv8-associated multicentric castleman disease,Yes,No,No
kshv/hhv8-positive diffuse large b-cell lymphoma,Yes,No,No
kshv/hhv8-positive germinotropic lymphoproliferative disorder,Yes,No,No
lactotroph pitnet/adenoma,Yes,No,No
lactotroph pitnet,Yes,No,No
lipoblastoma/lipoblastomatosis,Yes,No,No
low-grade fibromyxoid sarcoma / sclerosing epithelioid fibrosarcoma,Yes,No,No
lymphomas arising in immune deficiency / dysregulation,Yes,No,No
lymphomas arising in immune deficiency,Yes,No,No
lymphomas arising in immune dysregulation,Yes,No,No
mammosomatotroph pitnet/adenoma,Yes,No,No
mammosomatotroph pitnet,Yes,No,No
mammosomatotroph adenoma,Yes,No,No
mature plurihormonal pit1-lineage pitnet/adenoma,Yes,No,No
mature plurihormonal pit1-lineage pitnet,Yes,No,No
mature plurihormonal pit1-lineage adenoma,Yes,No,No
mature t/nk-cell neoplasms,Yes,No,No
mediastinal t-lymphoblastic leukaemia/lymphoma,Yes,No,No
mediastinal t-lymphoblastic leukaemia,Yes,No,No
mediastinal t-lymphoblastic lymphoma,Yes,No,No
mixed somatotroph-lactotroph pitnet/adenoma,Yes,No,No
mixed somatotroph-lactotroph pitnet,Yes,No,No
mixed somatotroph-lactotroph adenoma,Yes,No,No
multiple synchronous pitnet/adenomas of distinct lineages,Yes,No,No
multiple synchronous pitnet,Yes,No,No
adenomas of distinct lineages,Yes,No,No
myelodysplastic/myeloproliferative neoplasm with neutrophilia,Yes,No,No
myelodysplastic neoplasm with neutrophilia,Yes,No,No
myeloproliferative neoplasm with neutrophilia,Yes,No,No
myeloid/lymphoid neoplasm with etv6::abl1 fusion,Yes,No,No
myeloid neoplasm with etv6::abl1 fusion,Yes,No,No
lymphoid neoplasm with etv6::abl1 fusion,Yes,No,No
myeloid/lymphoid neoplasm with fgfr1 rearrangement,Yes,No,No
myeloid neoplasm with fgfr1 rearrangement,Yes,No,No
lymphoid neoplasm with fgfr1 rearrangement,Yes,No,No
myeloid/lymphoid neoplasm with flt3 rearrangement,Yes,No,No
myeloid neoplasm with flt3 rearrangement,Yes,No,No
lymphoid neoplasm with flt3 rearrangement,Yes,No,No
myeloid/lymphoid neoplasm with jak2 rearrangement,Yes,No,No
myeloid neoplasm with jak2 rearrangement,Yes,No,No
lymphoid neoplasm with jak2 rearrangement,Yes,No,No
myeloid/lymphoid neoplasm with pdgfra rearrangement,Yes,No,No
myeloid neoplasm with pdgfra rearrangement,Yes,No,No
lymphoid neoplasm with pdgfra rearrangement,Yes,No,No
myeloid/lymphoid neoplasm with pdgfrb rearrangement,Yes,No,No
myeloid neoplasm with pdgfrb rearrangement,Yes,No,No
lymphoid neoplasm with pdgfrb rearrangement,Yes,No,No
myeloid/lymphoid neoplasms,Yes,No,No
myeloid neoplasms,Yes,No,No
lymphoid neoplasms,Yes,No,No
myeloid/lymphoid neoplasms with other tyrosine kinase gene fusions,Yes,No,No
myeloid neoplasms with other tyrosine kinase gene fusions,Yes,No,No
lymphoid neoplasms with other tyrosine kinase gene fusions,Yes,No,No
null cell pitnet/adenoma,Yes,No,No
null cell pitnet,Yes,No,No
pituitary adenoma / pituitary neuroendocrine tumour,Yes,No,No
pituitary neuroendocrine tumour,Yes,No,No
plantar/palmar fibromatoses,Yes,No,No
plantar fibromatoses,Yes,No,No
palmar fibromatoses,Yes,No,No
plasma cell myeloma / multiple myeloma,Yes,No,No
multiple myeloma,Yes,No,No
plurihormonal pitnet/adenomas,Yes,No,No
plurihormonal pitnet,Yes,No,No
plurihormonal adenomas,Yes,No,No
polymorphic lymphoproliferative disorders arising in immune deficiency / dysregulation,Yes,No,No
polymorphic lymphoproliferative disorders arising in immune deficiency,Yes,No,No
polymorphic lymphoproliferative disorders arising in immune dysregulation,Yes,No,No
primary cutaneous gamma/delta t-cell lymphoma,Yes,No,No
somatotroph pitnet/adenoma,Yes,No,No
somatotroph pitnet,Yes,No,No
spindle cell / sclerosing rhabdomyosarcoma,Yes,No,No
splenic b-cell lymphoma/leukaemia with prominent nucleoli,Yes,No,No
splenic b-cell lymphoma with prominent nucleoli,Yes,No,No
splenic b-cell leukaemia with prominent nucleoli,Yes,No,No
swi/snf complex-deficient sinonasal carcinoma,Yes,No,No
t-lymphoblastic leukaemia / lymphoma,Yes,No,No
t/nk cell lymphomas,Yes,No,No
t cell lymphomas,Yes,No,No
nk cell lymphomas,Yes,No,No
t-cell tumours,Yes,No,No
t/nk-cell tumours,Yes,No,No
nk-cell tumours,Yes,No,No
thyrotroph pitnet/adenoma,Yes,No,No
thyrotroph pitnet,Yes,No,No
trichoblastic carcinoma/carcinosarcoma,Yes,No,No
trichoblastic carcinoma,Yes,No,No
trichoblastic carcinosarcoma,Yes,No,No
wnt-activated deep penetrating/plexiform melanocytoma (naevus),Yes,No,No
"ameloblastoma, extraosseous/peripheral",Yes,No,No
"ameloblastoma, extraosseous",Yes,No,No
"ameloblastoma, peripheral",Yes,No,No
"b-lymphoblastic leukaemia/lymphoma, nos",Yes,No,No
"b-lymphoblastic leukaemia, nos",Yes,No,No
"b-lymphoblastic lymphoma, nos",Yes,No,No
"central atypical cartilaginous tumour / chondrosarcoma, grade 1",Yes,No,No
"central atypical cartilaginous tumour, grade 1",Yes,No,No
"chondrosarcoma, grade 1",Yes,No,No
"mixed-phenotype acute leukaemia, b/myeloid",Yes,No,No
"mixed-phenotype acute leukaemia, t/myeloid",Yes,No,No
"myelodysplastic/myeloproliferative neoplasm, nos",Yes,No,No
"myelodysplastic neoplasm, nos",Yes,No,No
"secondary peripheral atypical cartilaginous tumour / chondrosarcoma, grade 1",Yes,No,No
"secondary peripheral atypical cartilaginous tumour, grade 1",Yes,No,No
"t-lymphoblastic leukaemia / lymphoma, nos",Yes,No,No
"t-lymphoblastic leukaemia, nos",Yes,No,No
"t-lymphoblastic lymphoma, nos",Yes,No,No
adenocarcinoma of mammary gland type,Yes,No,No
adenocarcinoma of mammary-gland type,Yes,No,No
adenocarcinoma of skene gland origin,Yes,No,No
adenocarcinoma of the collecting ducts and rete testis,Yes,No,No
adenocarcinoma of the collecting ducts,Yes,No,No
adenocarcinoma of the rete testis,Yes,No,No
adenocarcinoma of the oesophagus and oesophagogastric junction nos,Yes,No,No
adenocarcinoma of the oesophagus nos,Yes,No,No
adenocarcinoma of the oesophagogastric junction nos,Yes,No,No
adenoma and adenocarcinoma of the ciliary body,Yes,No,No
adenoma of the ciliary body,Yes,No,No
adenocarcinoma of the ciliary body,Yes,No,No
adenoma and adenocarcinoma of the retinal pigment epithelium,Yes,No,No
adenoma of the retinal pigment epithelium,Yes,No,No
adenocarcinoma of the retinal pigment epithelium,Yes,No,No
adenoma of the collecting ducts and rete testis,Yes,No,No
adenoma of the collecting ducts,Yes,No,No
adenoma of the rete testis,Yes,No,No
adenomyoma of the broad ligament and other uterine ligaments,Yes,No,No
adenomyoma of the broad ligament,Yes,No,No
adenomyoma of other uterine ligaments,Yes,No,No
adenosarcoma of the broad ligament and other uterine ligaments,Yes,No,No
adenosarcoma of the broad ligament,Yes,No,No
adenosarcoma of other uterine ligaments,Yes,No,No
adenosis and benign sclerosing lesions,Yes,No,No
benign sclerosing lesions,Yes,No,No
adenosquamous and mucoepidermoid carcinomas of the uterine cervix,Yes,No,No
adenosquamous carcinomas of the uterine cervix,Yes,No,No
mucoepidermoid carcinomas of the uterine cervix,Yes,No,No
adipose tissue and (myo)fibroblastic tumours,Yes,No,No
adipose tissue tumours,Yes,No,No
(myo)fibroblastic tumours,Yes,No,No
adrenal gland tumours,Yes,No,No
apocrine adenosis and adenoma,Yes,No,No
appendiceal serrated lesions and polyps,Yes,No,No
appendiceal serrated lesions,Yes,No,No
appendiceal serrated polyps,Yes,No,No
b-cell lymphoid proliferations and lymphomas,Yes,No,No
b-cell lymphoid proliferations,Yes,No,No
b-cell lymphomas,Yes,No,No
bartholin gland carcinomas,Yes,No,No
bartholin gland cyst,Yes,No,No
bartholin gland lesions,Yes,No,No
benign and malignant tumours of the iris and ciliary body pigment epithelium,Yes,No,No
benign tumours of the iris,Yes,No,No
benign tumours of the ciliary body pigment epithelium,Yes,No,No
malignant tumours of the iris and ciliary body pigment epithelium,Yes,No,No
malignant tumours of the iris,Yes,No,No
malignant tumours of the ciliary body pigment epithelium,Yes,No,No
benign and malignant tumours of the retinal pigment epithelium,Yes,No,No
benign tumours of the retinal pigment epithelium,Yes,No,No
malignant tumours of the retinal pigment epithelium,Yes,No,No
benign and precursor squamous lesions,Yes,No,No
benign squamous lesions,Yes,No,No
precursor squamous lesions,Yes,No,No
benign and preinvasive mesothelial tumours,Yes,No,No
benign mesothelial tumours,Yes,No,No
preinvasive mesothelial tumours,Yes,No,No
benign and premalignant epithelial tumours of the eyelid,Yes,No,No
benign epithelial tumours of the eyelid,Yes,No,No
premalignant epithelial tumours of the eyelid,Yes,No,No
benign and premalignant epithelial tumours of the lacrimal drainage system,Yes,No,No
benign epithelial tumours of the lacrimal drainage system,Yes,No,No
premalignant epithelial tumours of the lacrimal drainage system,Yes,No,No
benign and premalignant epithelial tumours of the lacrimal gland,Yes,No,No
benign epithelial tumours of the lacrimal gland,Yes,No,No
premalignant epithelial tumours of the lacrimal gland,Yes,No,No
benign and premalignant melanocytic eyelid tumours,Yes,No,No
benign melanocytic eyelid tumours,Yes,No,No
premalignant melanocytic eyelid tumours,Yes,No,No
benign apocrine and eccrine tumours,Yes,No,No
benign apocrine tumours,Yes,No,No
benign eccrine tumours,Yes,No,No
benign biliary tumours and precursors,Yes,No,No
benign epithelial proliferations and precursors,Yes,No,No
benign epithelial tumours and precursors,Yes,No,No
benign lesions and hamartomas of the iris,Yes,No,No
benign lesions of the iris,Yes,No,No
benign hamartomas of the iris,Yes,No,No
benign maxillofacial bone and cartilage tumours,Yes,No,No
benign maxillofacial bone tumours,Yes,No,No
benign maxillofacial cartilage tumours,Yes,No,No
benign melanocytic lesions of the choroid and ciliary body,Yes,No,No
benign melanocytic lesions of the choroid,Yes,No,No
benign melanocytic lesions of the ciliary body,Yes,No,No
benign mixed epithelial and mesenchymal odontogenic tumours,Yes,No,No
benign pericytic and perivascular neoplasms,Yes,No,No
benign pericytic neoplasms,Yes,No,No
benign perivascular neoplasms,Yes,No,No
blue naevi and melanocytoses,Yes,No,No
blue naevi,Yes,No,No
melanocytoses,Yes,No,No
blue naevus and related tumours,Yes,No,No
bone and cartilage tumours,Yes,No,No
carcinoma precursors and benign simulants,Yes,No,No
carcinomas and sarcomas metastatic to the peritoneum,Yes,No,No
carcinomas metastatic to the peritoneum,Yes,No,No
sarcomas metastatic to the peritoneum,Yes,No,No
carcinomas of sweat gland origin,Yes,No,No
carcinosarcoma of the salivary glands,Yes,No,No
cardiac lipoma and lipomatous hypertrophy of the atrial septum,Yes,No,No
lipomatous hypertrophy of the atrial septum,Yes,No,No
choristomas and cysts,Yes,No,No
ciliary body and choroid tumours,Yes,No,No
ciliary body tumours,Yes,No,No
choroid tumours,Yes,No,No
circumscribed meningeal melanocytic neoplasms: melanocytoma and melanoma,Yes,No,No
circumscribed meningeal melanocytic neoplasms: melanocytoma,Yes,No,No
circumscribed meningeal melanocytic neoplasms: melanoma,Yes,No,No
clear cell cystadenoma and adenofibroma,Yes,No,No
clear cell cystadenoma,Yes,No,No
clear cell adenofibroma,Yes,No,No
cns tumour with bcor internal tandem duplication,Yes,No,No
colorectal serrated lesions and polyps,Yes,No,No
colorectal serrated lesions,Yes,No,No
colorectal serrated polyps,Yes,No,No
combined hepatocellular-cholangiocarcinoma and undifferentiated primary liver carcinoma,Yes,No,No
congenital non-progressive haemangiomas: rapidly involuting congenital haemangioma and non-involuting congenital haemangioma,Yes,No,No
congenital non-progressive haemangiomas: rapidly involuting congenital haemangioma,Yes,No,No
congenital non-progressive haemangiomas: non-involuting congenital haemangioma,Yes,No,No
conjunctival stromal tumour and ocular surface fibroma,Yes,No,No
conjunctival stromal tumour,Yes,No,No
ocular surface fibroma,Yes,No,No
cowper gland adenocarcinoma of the urethra,Yes,No,No
cranial and paraspinal nerve tumours,Yes,No,No
cranial nerve tumours,Yes,No,No
paraspinal nerve tumours,Yes,No,No
cutaneous b-cell lymphoproliferative disorders and neoplasms,Yes,No,No
cutaneous b-cell lymphoproliferative disorders,Yes,No,No
cutaneous b-cell lymphoproliferative neoplasms,Yes,No,No
cutaneous t-cell and nk-cell lymphoproliferative disorders and neoplasms,Yes,No,No
cutaneous nk-cell lymphoproliferative disorders and neoplasms,Yes,No,No
cutaneous nk-cell lymphoproliferative disorders,Yes,No,No
cutaneous nk-cell neoplasms,Yes,No,No
cutaneous t-cell lymphoproliferative disorders and neoplasms,Yes,No,No
cutaneous t-cell lymphoproliferative disorders,Yes,No,No
cutaneous t-cell neoplasms,Yes,No,No
cystadenoma of the salivary glands,Yes,No,No
cysts of the conjunctiva and caruncle,Yes,No,No
cysts of the conjunctiva,Yes,No,No
cysts of the caruncle,Yes,No,No
cysts of the lacrimal gland,Yes,No,No
diffuse choroidal neurofibroma and ganglioneuroma,Yes,No,No
diffuse choroidal neurofibroma,Yes,No,No
diffuse choroidal ganglioneuroma,Yes,No,No
diffuse glioneuronal tumour with oligodendroglioma-like features and nuclear clusters,Yes,No,No
diffuse meningeal melanocytic neoplasms: melanocytosis and melanomatosis,Yes,No,No
diffuse meningeal melanocytic neoplasms: melanocytosis,Yes,No,No
diffuse meningeal melanocytic neoplasms: melanomatosis,Yes,No,No
ebv-positive nk-cell and t-cell lymphomas,Yes,No,No
ebv-positive nk-cell lymphomas,Yes,No,No
ebv-positive t-cell lymphomas,Yes,No,No
ebv-positive nodal t- and nk-cell lymphoma,Yes,No,No
ebv-positive nodal t-cell lymphoma,Yes,No,No
ebv-positive nodal nk-cell lymphoma,Yes,No,No
ebv-positive t-cell and nk-cell lymphoid proliferations and lymphomas of childhood,Yes,No,No
ebv-positive t-cell and nk-cell lymphoid proliferations of childhood,Yes,No,No
ebv-positive t-cell and nk-cell lymphomas of childhood,Yes,No,No
ebv-positive t-cell lymphoid proliferations of childhood,Yes,No,No
ebv-positive t-cell lymphomas of childhood,Yes,No,No
ebv-positive nk-cell lymphoid proliferations of childhood,Yes,No,No
ebv-positive nk-cell lymphomas of childhood,Yes,No,No
ectopic meningioma and meningothelial hamartoma,Yes,No,No
ectopic tumours of thyroid and parathyroid origin,Yes,No,No
ectopic tumours of thyroid,Yes,No,No
ectopic tumours of parathyroid origin,Yes,No,No
enchondroma and enchondromatosis,Yes,No,No
endocrine and neuroendocrine tumours,Yes,No,No
endometrial epithelial tumours and precursors,Yes,No,No
endometrioid cystadenoma and adenofibroma,Yes,No,No
endometrioid cystadenoma,Yes,No,No
endometrioid adenofibroma,Yes,No,No
endometriosis and derived tumours,Yes,No,No
eosinophilic solid and cystic renal cell carcinoma,Yes,No,No
epithelial tumours of the lacrimal gland,Yes,No,No
eye and orbit tumours,Yes,No,No
eye tumours,Yes,No,No
orbit tumours,Yes,No,No
fibro-osseous tumours and dysplasias,Yes,No,No
fibro-osseous tumours,Yes,No,No
fibro-osseous dysplasias,Yes,No,No
fibroblastic and myofibroblastic tumours,Yes,No,No
fibroepithelial tumours and hamartomas of the breast,Yes,No,No
fibroepithelial tumours of the breast,Yes,No,No
hamartomas of the breast,Yes,No,No
fibromatosis and massive oedema,Yes,No,No
fibromatosis,Yes,No,No
massive oedema,Yes,No,No
fundic gland polyps,Yes,No,No
ganglioneuroma and ganglioneuromatosis,Yes,No,No
ganglioneuromatosis,Yes,No,No
gastric pyloric gland adenoma,Yes,No,No
gastritis and metaplasia: precursors of gastric neoplasms,Yes,No,No
genital and mucosal melanocytic tumours,Yes,No,No
genital melanocytic tumours,Yes,No,No
mucosal melanocytic tumours,Yes,No,No
germ cell tumours of the head and neck,Yes,No,No
germ cell tumours of the head,Yes,No,No
germ cell tumours of the neck,Yes,No,No
giant cell lesions and bone cysts,Yes,No,No
bone cysts,Yes,No,No
glandular neoplasms of the prostate,Yes,No,No
glandular neoplasms of the seminal vesicle,Yes,No,No
glandular tumours and cysts,Yes,No,No
glandular cysts,Yes,No,No
glioneuronal and neuronal tumours,Yes,No,No
glioneuronal tumours,Yes,No,No
neuronal tumours,Yes,No,No
glomangioma and glomus tumour,Yes,No,No
glomangioma,Yes,No,No
glomus tumour,Yes,No,No
glomus tumour and glomuvenous malformation,Yes,No,No
glomuvenous malformation,Yes,No,No
gynandroblastoma,Yes,No,No
haemangiomas and vascular malformations,Yes,No,No
vascular malformations,Yes,No,No
haematolymphoid proliferations and neoplasia,Yes,No,No
haematolymphoid proliferations,Yes,No,No
haematolymphoid neoplasia,Yes,No,No
haematolymphoid tumours of the pleura and pericardium,Yes,No,No
haematolymphoid tumours of the pleura,Yes,No,No
haematolymphoid tumours of the pericardium,Yes,No,No
head and neck paraganglioma,Yes,No,No
head paraganglioma,Yes,No,No
neck paraganglioma,Yes,No,No
head and neck tumours,Yes,No,No
head tumours,Yes,No,No
neck tumours,Yes,No,No
histiocytic and dendritic cell tumours,Yes,No,No
inborn error of immunity-associated lymphoid proliferations and lymphomas,Yes,No,No
inborn error of immunity-associated lymphoid proliferations,Yes,No,No
inborn error of immunity-associated lymphomas,Yes,No,No
intercalated duct adenoma and hyperplasia,Yes,No,No
intercalated duct adenoma,Yes,No,No
intestinal t-cell and nk-cell lymphoid proliferations and lymphomas,Yes,No,No
intestinal t-cell and nk-cell lymphoid proliferations,Yes,No,No
intestinal t-cell lymphoid proliferations,Yes,No,No
intestinal nk-cell lymphoid proliferations,Yes,No,No
intestinal t-cell and nk-cell lymphomas,Yes,No,No
intestinal t-cell lymphomas,Yes,No,No
intestinal nk-cell lymphomas,Yes,No,No
invasive and metastatic hydatidiform moles,Yes,No,No
invasive hydatidiform moles,Yes,No,No
metastatic hydatidiform moles,Yes,No,No
invasive epithelial tumours of the penis and scrotum,Yes,No,No
invasive epithelial tumours of the penis,Yes,No,No
invasive epithelial tumours of the scrotum,Yes,No,No
lacrimal gland oncocytoma,Yes,No,No
langerhans cell and other dendritic cell neoplasms,Yes,No,No
langerhans cell neoplasms,Yes,No,No
other dendritic cell neoplasms,Yes,No,No
langerhans cell histiocytosis and related disorders,Yes,No,No
laryngeal and hypopharyngeal epithelial dysplasia,Yes,No,No
laryngeal epithelial dysplasia,Yes,No,No
hypopharyngeal epithelial dysplasia,Yes,No,No
leiomyoma of the broad ligament and other uterine ligaments,Yes,No,No
leiomyoma of the broad ligament,Yes,No,No
leiomyoma of other uterine ligaments,Yes,No,No
leiomyosarcoma of the broad ligament and other uterine ligaments,Yes,No,No
leiomyosarcoma of the broad ligament,Yes,No,No
leiomyosarcoma of other uterine ligaments,Yes,No,No
lipoblastoma and lipoblastomatosis,Yes,No,No
lipoma and hibernoma of bone,Yes,No,No
hibernoma of bone,Yes,No,No
littre gland adenocarcinoma of the urethra,Yes,No,No
lobular endocervical glandular hyperplasia,Yes,No,No
lymphangioma and lymphangiomatosis,Yes,No,No
lymphoid proliferations and lymphomas associated with immune deficiency and dysregulation,Yes,No,No
lymphoid proliferations associated with immune deficiency and dysregulation,Yes,No,No
lymphoid proliferations associated with immune deficiency,Yes,No,No
lymphoid proliferations associated with immune dysregulation,Yes,No,No
lymphomas associated with immune deficiency and dysregulation,Yes,No,No
lymphomas associated with immune deficiency,Yes,No,No
lymphomas associated with immune dysregulation,Yes,No,No
lymphoproliferative disorders and lymphomas associated with immunodeficiency and dysregulation,Yes,No,No
lymphoproliferative disorders associated with immunodeficiency and dysregulation,Yes,No,No
lymphomas associated with immunodeficiency and dysregulation,Yes,No,No
malformations of the optic disc and optic nerve,Yes,No,No
malformations of the optic disc,Yes,No,No
malformations of the optic nerve,Yes,No,No
malignant apocrine and eccrine tumours,Yes,No,No
malignant apocrine tumours,Yes,No,No
malignant eccrine tumours,Yes,No,No
malignant epithelial tumours of the lacrimal gland,Yes,No,No
malignant hepatocellular tumours and precursors,Yes,No,No
malignant maxillofacial bone and cartilage tumours,Yes,No,No
malignant maxillofacial bone tumours,Yes,No,No
malignant cartilage tumours,Yes,No,No
malignant melanocytic tumours of the choroid and ciliary body,Yes,No,No
malignant melanocytic tumours of the choroid,Yes,No,No
malignant melanocytic tumours of the ciliary body,Yes,No,No
mammary-type glandular lesions,Yes,No,No
mature t-cell and nk-cell leukaemias,Yes,No,No
mature t-cell leukaemias,Yes,No,No
mature nk-cell leukaemias,Yes,No,No
medulloepithelioma of the optic disc and optic nerve,Yes,No,No
medulloepithelioma of the optic disc,Yes,No,No
medulloepithelioma of the optic nerve,Yes,No,No
melanocytic tumours of the optic disc and optic nerve,Yes,No,No
melanocytic tumours of the optic disc,Yes,No,No
melanocytic tumours of the optic nerve,Yes,No,No
melanocytoma of the optic disc and optic nerve,Yes,No,No
melanocytoma of the optic disc,Yes,No,No
melanocytoma of the optic nerve,Yes,No,No
mesenchymal and mixed tumours,Yes,No,No
mixed tumours,Yes,No,No
mesenchymal and stromal tumours,Yes,No,No
stromal tumours,Yes,No,No
mesenchymal tumours specific to the salivary glands,Yes,No,No
mesonephric remnants and hyperplasia,Yes,No,No
mesonephric remnants,Yes,No,No
mesonephric hyperplasia,Yes,No,No
metastases to the brain and spinal cord parenchyma,Yes,No,No
metastases to the brain,Yes,No,No
metastases to the spinal cord parenchyma,Yes,No,No
metastases to the eye and surrounding structures,Yes,No,No
metastases to the head and neck region,Yes,No,No
metastases to the head region,Yes,No,No
metastases to the neck region,Yes,No,No
metastasis to the adrenal gland,Yes,No,No
metastasis to the heart and pericardium,Yes,No,No
metastasis to the heart,Yes,No,No
metastasis to the pericardium,Yes,No,No
metastasis to the pituitary gland,Yes,No,No
metastasis to the testis and paratestis,Yes,No,No
metastasis to the testis,Yes,No,No
metastasis to the paratestis,Yes,No,No
metastasis to the thymus and mediastinal lymph nodes,Yes,No,No
metastasis to the thymus,Yes,No,No
metastasis to the mediastinal lymph nodes,Yes,No,No
metastasis to the thyroid gland,Yes,No,No
microglandular hyperplasia,Yes,No,No
mixed and other sex cord stromal tumours,Yes,No,No
mixed stromal tumours,Yes,No,No
other sex cord stromal tumours,Yes,No,No
mixed epithelial and stromal renal tumours,Yes,No,No
mixed epithelial and stromal tumour of the kidney,Yes,No,No
mixed epithelial and stromal tumour of the seminal vesicle,Yes,No,No
mixed malignant epithelial and mesenchymal tumours,Yes,No,No
mixed medullary and follicular cell-derived carcinomas,Yes,No,No
mixed medullary and follicular cell-derived thyroid carcinomas,Yes,No,No
monodermal teratomas and somatic-type tumours arising from a dermoid cyst,Yes,No,No
monodermal teratomas arising from a dermoid cyst,Yes,No,No
somatic-type tumours arising from a dermoid cyst,Yes,No,No
mucinous cystadenoma and adenofibroma,Yes,No,No
mucinous adenofibroma,Yes,No,No
mucinous cystic neoplasm of the liver and biliary system,Yes,No,No
mucinous cystic neoplasm of the liver,Yes,No,No
mucinous cystic neoplasm of the biliary system,Yes,No,No
mucosal and genital naevi,Yes,No,No
mucosal naevi,Yes,No,No
genital naevi,Yes,No,No
mucous gland adenoma of the lung,Yes,No,No
multinodular and vacuolating neuronal tumour,Yes,No,No
myelodysplastic neoplasm with low blasts and 5q deletion,Yes,No,No
myelodysplastic neoplasm with low blasts and sf3b1 mutation,Yes,No,No
myeloid neoplasms and proliferations associated with antecedent or predisposing conditions,Yes,No,No
myeloid neoplasms associated with antecedent or predisposing conditions,Yes,No,No
myeloid proliferations associated with antecedent or predisposing conditions,Yes,No,No
myeloid proliferations and neoplasms,Yes,No,No
myeloid proliferations,Yes,No,No
myoepithelioma and myoepithelial carcinoma of the lung,Yes,No,No
myoepithelioma of the lung,Yes,No,No
myoepithelial carcinoma of the lung,Yes,No,No
myofibroma and myopericytoma,Yes,No,No
nephroblastic and related tumours,Yes,No,No
neuroendocrine neoplasms and paraganglioma,Yes,No,No
neuroendocrine neoplasms of the gallbladder and bile ducts,Yes,No,No
neuroendocrine neoplasms of the gallbladder,Yes,No,No
neuroendocrine neoplasms of the bile ducts,Yes,No,No
nodular and other melanomas,Yes,No,No
nodular melanomas,Yes,No,No
other melanomas,Yes,No,No
ocular and cns melanocytic tumours,Yes,No,No
ocular melanocytic tumours,Yes,No,No
cns melanocytic tumours,Yes,No,No
odontogenic and maxillofacial bone tumours,Yes,No,No
maxillofacial bone tumours,Yes,No,No
oesophageal adenosquamous and mucoepidermoid carcinomas,Yes,No,No
oesophageal adenosquamous carcinomas,Yes,No,No
oesophageal mucoepidermoid carcinomas,Yes,No,No
oncocytic and chromophobe renal tumours,Yes,No,No
oncocytic renal tumours,Yes,No,No
chromophobe renal tumours,Yes,No,No
oral cavity and mobile tongue tumours,Yes,No,No
oral cavity tumours,Yes,No,No
mobile tongue tumours,Yes,No,No
oral potentially malignant disorders and oral epithelial dysplasia,Yes,No,No
orbital dermoid cysts and other orbital cysts,Yes,No,No
orbital dermoid cysts,Yes,No,No
other orbital cysts,Yes,No,No
other mesenchymal and mixed tumours of the broad ligament and other uterine ligaments,Yes,No,No
other mesenchymal tumours and tumour-like conditions,Yes,No,No
other salivary gland-type carcinomas of the lacrimal drainage system,Yes,No,No
other tumours of the neck and lymph nodes,Yes,No,No
other tumours of the neck,Yes,No,No
other tumours of the lymph nodes,Yes,No,No
ovarian-type tumours of the collecting ducts and rete testis,Yes,No,No
ovarian-type tumours of the collecting ducts,Yes,No,No
ovarian-type tumours of the rete testis,Yes,No,No
oxyntic gland adenoma,Yes,No,No
palmar fibromatosis and plantar fibromatosis,Yes,No,No
palmar fibromatosis,Yes,No,No
plantar fibromatosis,Yes,No,No
papillary and follicular conjunctivitis,Yes,No,No
papillary intralymphatic angioendothelioma and retiform haemangioendothelioma,Yes,No,No
papillomas (squamous and inverted),Yes,No,No
parasympathetic paraganglioma (head and neck paraganglioma),Yes,No,No
parasympathetic paraganglioma (head paraganglioma),Yes,No,No
parasympathetic paraganglioma (neck paraganglioma),Yes,No,No
penile adenosquamous and mucoepidermoid carcinomas,Yes,No,No
penile adenosquamous carcinomas,Yes,No,No
penile mucoepidermoid carcinomas,Yes,No,No
pericytic and perivascular tumours,Yes,No,No
pericytic tumours,Yes,No,No
perivascular tumours,Yes,No,No
peripheral nerve sheath and neural tumours,Yes,No,No
peripheral neural tumours,Yes,No,No
pigment epithelial tumours of the optic disc and optic nerve,Yes,No,No
pigment epithelial tumours of the optic disc,Yes,No,No
pigment epithelial tumours of the optic nerve,Yes,No,No
pilocytic astrocytoma and other gliomas of the optic nerve,Yes,No,No
pilocytic astrocytoma of the optic nerve,Yes,No,No
other gliomas of the optic nerve,Yes,No,No
placental site nodule and plaque,Yes,No,No
placental site nodule,Yes,No,No
placental site plaque,Yes,No,No
plasma cell neoplasms and other diseases with paraproteins,Yes,No,No
other diseases with paraproteins,Yes,No,No
pleomorphic adenoma of the lacrimal gland,Yes,No,No
posterior pituitary and hypothalamic neoplasms,Yes,No,No
posterior pituitary neoplasms,Yes,No,No
hypothalamic neoplasms,Yes,No,No
pre-neoplastic and neoplastic small lymphocytic proliferations,Yes,No,No
pre-neoplastic small lymphocytic proliferations,Yes,No,No
neoplastic small lymphocytic proliferations,Yes,No,No
precursor glandular lesions,Yes,No,No
premalignant and malignant epithelial tumours of the conjunctiva,Yes,No,No
premalignant epithelial tumours of the conjunctiva,Yes,No,No
malignant epithelial tumours of the conjunctiva,Yes,No,No
premalignant and malignant melanocytic conjunctival tumours,Yes,No,No
premalignant melanocytic conjunctival tumours,Yes,No,No
malignant melanocytic conjunctival tumours,Yes,No,No
premalignant and malignant retinal tumours,Yes,No,No
premalignant retinal tumours,Yes,No,No
malignant retinal tumours,Yes,No,No
premalignant keratoses and precursors,Yes,No,No
primary cutaneous t-cell lymphoid proliferations and lymphomas,Yes,No,No
primary cutaneous t-cell lymphoid proliferations,Yes,No,No
primary cutaneous t-cell lymphomas,Yes,No,No
primary ductal adenocarcinoma of the lacrimal gland,Yes,No,No
primary neural tumours of the optic disc and optic nerve,Yes,No,No
primary neural tumours of the optic disc,Yes,No,No
primary neural tumours of the optic nerve,Yes,No,No
primary tumours of the optic disc and optic nerve,Yes,No,No
primary tumours of the optic disc,Yes,No,No
primary tumours of the optic nerve,Yes,No,No
pterygium and pingueculum,Yes,No,No
pterygium,Yes,No,No
pingueculum,Yes,No,No
pyloric gland adenoma of the gallbladder,Yes,No,No
rare and salivary gland-type tumours,Yes,No,No
reactive and cystic lesions of the iris and ciliary body pigment epithelium,Yes,No,No
reactive and cystic lesions of the iris,Yes,No,No
reactive and cystic lesions of the ciliary body pigment epithelium,Yes,No,No
reactive and hamartomatous lesions of the retinal pigment epithelium,Yes,No,No
reactive haematolymphoid and related lesions,Yes,No,No
renal and male genital tumours,Yes,No,No
renal tumours,Yes,No,No
male genital tumours,Yes,No,No
retinal and neuroepithelial tumours,Yes,No,No
retinal tumours,Yes,No,No
neuroepithelial tumours,Yes,No,No
salivary carcinoma nos and emerging entities,Yes,No,No
salivary gland anlage tumour,Yes,No,No
salivary gland myoepithelioma,Yes,No,No
salivary gland-type carcinomas of the thyroid,Yes,No,No
salivary gland-type tumours,Yes,No,No
secondary cutaneous involvement in t-cell and nk-cell lymphomas and leukaemias,Yes,No,No
secondary cutaneous involvement in nk-cell lymphomas and leukaemias,Yes,No,No
secondary cutaneous involvement in t-cell and nk-cell lymphomas,Yes,No,No
secondary cutaneous involvement in nk-cell lymphomas,Yes,No,No
secondary cutaneous involvement in t-cell and nk-cell leukaemias,Yes,No,No
secondary cutaneous involvement in nk-cell leukaemias,Yes,No,No
seromucinous cystadenoma and adenofibroma,Yes,No,No
seromucinous cystadenoma,Yes,No,No
seromucinous adenofibroma,Yes,No,No
serotonin-producing tumours with and without carcinoid syndrome,Yes,No,No
serotonin-producing tumours with carcinoid syndrome,Yes,No,No
serotonin-producing tumours without carcinoid syndrome,Yes,No,No
serous adenofibroma and papilloma of the fallopian tube,Yes,No,No
serous adenofibroma of the fallopian tube,Yes,No,No
serous papilloma of the fallopian tube,Yes,No,No
sex cord stromal and other tumours,Yes,No,No
sex cord stromal tumours,Yes,No,No
other tumours,Yes,No,No
skene gland adenocarcinoma of the urethra,Yes,No,No
small intestinal and ampullary neuroendocrine neoplasms,Yes,No,No
small intestinal neuroendocrine neoplasms,Yes,No,No
ampullary neuroendocrine neoplasms,Yes,No,No
smooth muscle and skeletal muscle tumours,Yes,No,No
soft tissue and bone tumours,Yes,No,No
solid papillary carcinoma (in situ and invasive),Yes,No,No
solid papillary carcinoma (in situ),Yes,No,No
solid papillary carcinoma (invasive),Yes,No,No
spindle cell lipoma and pleomorphic lipoma,Yes,No,No
splenic b-cell lymphomas and leukaemias,Yes,No,No
splenic b-cell lymphomas,Yes,No,No
splenic b-cell leukaemias,Yes,No,No
squamous cell tumours and precursors,Yes,No,No
squamous dysplasia and carcinoma in situ of the lung,Yes,No,No
squamous dysplasia of the lung,Yes,No,No
carcinoma in situ of the lung,Yes,No,No
squamous papilloma and papillomatosis,Yes,No,No
squamous papilloma,Yes,No,No
squamous papillomatosis,Yes,No,No
stromal hyperplasia and hyperthecosis,Yes,No,No
stromal hyperplasia,Yes,No,No
stromal hyperthecosis,Yes,No,No
t-cell and nk-cell lymphoid proliferations and lymphomas,Yes,No,No
t-cell and nk-cell lymphoid proliferations,Yes,No,No
t-cell lymphoid proliferations,Yes,No,No
nk-cell lymphoid proliferations,Yes,No,No
t-cell and nk-cell lymphomas,Yes,No,No
t-cell lymphomas,Yes,No,No
nk-cell lymphomas,Yes,No,No
t-cell lymphoid proliferations and lymphomas,Yes,No,No
nk-cell lymphoid proliferations and lymphomas,Yes,No,No
trichodiscomas and fibrofolliculomas,Yes,No,No
trichodiscomas,Yes,No,No
fibrofolliculomas,Yes,No,No
tufted angioma and kaposiform haemangioendothelioma,Yes,No,No
tumour-like lesions and choristomas of the conjunctiva,Yes,No,No
tumour-like lesions of the conjunctiva,Yes,No,No
choristomas of the conjunctiva,Yes,No,No
tumours and tumour-like lesions of the neck and lymph nodes,Yes,No,No
tumours and tumour-like lesions of the neck,Yes,No,No
tumours and tumour-like lesions of the lymph nodes,Yes,No,No
tumours of the neck and lymph nodes,Yes,No,No
tumours of the neck,Yes,No,No
tumours of the lymph nodes,Yes,No,No
tumour-like lesions of the neck and lymph nodes,Yes,No,No
tumour-like lesions of the lymph nodes,Yes,No,No
tumour-like lesions of the neck,Yes,No,No
tumours of the adrenal medulla and extra-adrenal paraganglia,Yes,No,No
tumours of the adrenal medulla,Yes,No,No
tumours of the extra-adrenal paraganglia,Yes,No,No
tumours of the broad ligament and other uterine ligaments,Yes,No,No
tumours of the broad ligament,Yes,No,No
tumours of other uterine ligaments,Yes,No,No
tumours of the collecting ducts and rete testis,Yes,No,No
tumours of the collecting ducts,Yes,No,No
tumours of the rete testis,Yes,No,No
tumours of the conjunctiva and caruncle,Yes,No,No
tumours of the conjunctiva,Yes,No,No
tumours of the caruncle,Yes,No,No
tumours of the iris and ciliary body neuroepithelium,Yes,No,No
tumours of the iris,Yes,No,No
tumours of the ciliary body neuroepithelium,Yes,No,No
tumours of the lacrimal gland,Yes,No,No
tumours of the middle and inner ear,Yes,No,No
tumours of the middle ear,Yes,No,No
tumours of the inner ear,Yes,No,No
tumours of the optic disc and optic nerve,Yes,No,No
tumours of the optic disc,Yes,No,No
tumours of the optic nerve,Yes,No,No
tumours of the penis and scrotum,Yes,No,No
tumours of the scrotum,Yes,No,No
tumours of the pleura and pericardium,Yes,No,No
tumours of the retina and neuroepithelium,Yes,No,No
tumours of the retina,Yes,No,No
tumours of the neuroepithelium,Yes,No,No
tumours of the small intestine and ampulla,Yes,No,No
tumours of the ampulla,Yes,No,No
tumours with apocrine and eccrine differentiation,Yes,No,No
tumours with apocrine differentiation,Yes,No,No
tumours with eccrine differentiation,Yes,No,No
undifferentiated and dedifferentiated carcinomas of the ovary,Yes,No,No
undifferentiated carcinomas of the ovary,Yes,No,No
dedifferentiated carcinomas of the ovary,Yes,No,No
undifferentiated and dedifferentiated carcinomas of the uterine corpus,Yes,No,No
undifferentiated carcinomas of the uterine corpus,Yes,No,No
dedifferentiated carcinomas of the uterine corpus,Yes,No,No
undifferentiated small round cell sarcomas of bone and soft tissue,Yes,No,No
undifferentiated small round cell sarcomas of bone,Yes,No,No
undifferentiated small round cell sarcomas of soft tissue,Yes,No,No
undifferentiated small round cell sarcomas of soft tissue and bone,Yes,No,No
urachal and diverticular neoplasms,Yes,No,No
urachal neoplasms,Yes,No,No
diverticular neoplasms,Yes,No,No
urethral accessory gland carcinomas,Yes,No,No
urinary and male genital tumours,Yes,No,No
urinary tumours,Yes,No,No
vascular and perivascular tumours,Yes,No,No
verruca plantaris and palmaris,Yes,No,No
verruca palmaris,Yes,No,No
verrucous carcinoma of the oral cavity and mobile tongue,Yes,No,No
verrucous carcinoma of the oral cavity,Yes,No,No
verrucous carcinoma of the mobile tongue,Yes,No,No
wolffian tumour of the broad ligament and other uterine ligaments,Yes,No,No
wolffian tumour of the broad ligament,Yes,No,No
wolffian tumour of other uterine ligaments,Yes,No,No
"bartholin gland hyperplasia, adenoma, and adenomyoma",Yes,No,No
bartholin gland adenomyoma,Yes,No,No
bartholin gland hyperplasia,Yes,No,No
bartholin gland adenoma,Yes,No,No
"benign fibroblastic, myofibroblastic, and fibrohistiocytic neoplasms",Yes,No,No
benign fibrohistiocytic neoplasms,Yes,No,No
benign fibroblastic neoplasms,Yes,No,No
benign myofibroblastic neoplasms,Yes,No,No
"central chondrosarcoma, grades 2 and 3",Yes,No,No
"central chondrosarcoma, grades 2",Yes,No,No
"central chondrosarcoma, grades 3",Yes,No,No
subepithelial naevi,Yes,No,No
conjunctival junctional naevi,Yes,No,No
compound naevi,Yes,No,No
"diffuse paediatric-type high-grade glioma, h3-wildtype and idh-wildtype",Yes,No,No
"fibroblastic, myofibroblastic, and fibrohistiocytic tumours",Yes,No,No
"ganglioneuroblastoma, nodular (and other composite neuroblastic tumours)",Yes,No,No
"gliomas, glioneuronal tumours, and neuronal tumours",Yes,No,No
gliomas,Yes,No,No
"hypopharyngeal, laryngeal, tracheal, and parapharyngeal tumours",Yes,No,No
parapharyngeal tumours,Yes,No,No
hypopharyngeal tumours,Yes,No,No
laryngeal tumours,Yes,No,No
tracheal tumours,Yes,No,No
"intermediate fibroblastic, myofibroblastic, and fibrohistiocytic neoplasms",Yes,No,No
intermediate fibroblastic neoplasms,Yes,No,No
intermediate myofibroblastic neoplasms,Yes,No,No
intermediate fibrohistiocytic neoplasms,Yes,No,No
"junctional, compound and subepithelial conjunctival naevi",Yes,No,No
junctional naevi,Yes,No,No
subepithelial conjunctival naevi,Yes,No,No
"junctional, compound, and dermal naevi",Yes,No,No
dermal naevi,Yes,No,No
"malignant fibroblastic, myofibroblastic, and fibrohistiocytic neoplasms",Yes,No,No
malignant fibroblastic neoplasms,Yes,No,No
myofibroblastic neoplasms,Yes,No,No
fibrohistiocytic neoplasms,Yes,No,No
"meningioma of the sinonasal tract, ear, and temporal bone",Yes,No,No
meningioma of the sinonasal tract,Yes,No,No
meningioma of the ear,Yes,No,No
meningioma of the temporal bone,Yes,No,No
"mesenchymal tumours unique to the hypopharynx, larynx, trachea, and parapharyngeal space",Yes,No,No
mesenchymal tumours unique to the parapharyngeal space,Yes,No,No
mesenchymal tumours unique to the hypopharynx,Yes,No,No
mesenchymal tumours unique to the larynx,Yes,No,No
mesenchymal tumours unique to the trachea,Yes,No,No
"mixed teratoma and yolk sac tumour, prepubertal-type",Yes,No,No
"myoepithelioma, myoepithelial carcinoma, and mixed tumour",Yes,No,No
"nasal, paranasal, and skull base tumours",Yes,No,No
nasal tumours,Yes,No,No
paranasal tumours,Yes,No,No
skull base tumours,Yes,No,No
"nodular and proliferative fasciitis, proliferative myositis",Yes,No,No
nodular and proliferative fasciitis,Yes,No,No
"nodular fasciitis, proliferative myositis",Yes,No,No
"proliferative fasciitis, proliferative myositis",Yes,No,No
"nodular, naevoid, and metastatic melanomas",Yes,No,No
naevoid melanomas,Yes,No,No
metastatic melanomas,Yes,No,No
"pituicytoma, granular cell tumour of the sellar region, and spindle cell oncocytoma",Yes,No,No
pituicytoma,Yes,No,No
granular cell tumour of the sellar region,Yes,No,No
"reactive, epithelial, and degenerative conjunctival lesions",Yes,No,No
reactive lesions,Yes,No,No
epithelial lesions,Yes,No,No
degenerative conjunctival lesions,Yes,No,No
"rete cystadenoma, adenoma, and adenocarcinoma",Yes,No,No
rete cystadenoma,Yes,No,No
rete adenoma,Yes,No,No
rete adenocarcinoma,Yes,No,No
"sebaceous hyperplasia, adenoma, and sebaceoma",Yes,No,No
sebaceous hyperplasia,Yes,No,No
"secondary peripheral chondrosarcoma, grades 2 and 3",Yes,No,No
"secondary peripheral chondrosarcoma, grades 2",Yes,No,No
"secondary peripheral chondrosarcoma, grades 3",Yes,No,No
"serous cystadenoma, adenofibroma, and surface papilloma of the ovary",Yes,No,No
serous cystadenoma of the ovary,Yes,No,No
serous adenofibroma of the ovary,Yes,No,No
serous surface papilloma of the ovary,Yes,No,No
"special-site naevi (of the breast, axilla, scalp, and ear)",Yes,No,No
special-site naevi (of the ear),Yes,No,No
special-site naevi (of the breast),Yes,No,No
special-site naevi (of the axilla),Yes,No,No
special-site naevi (of the scalp),Yes,No,No
"teratomas, hamartomas and choristomas",Yes,No,No
"tumour-like lesions, hamartomas and choristomas of the eyelid",Yes,No,No
tumour-like lesions of the eyelid,Yes,No,No
hamartomas of the eyelid,Yes,No,No
choristomas of the eyelid,Yes,No,No
"verrucous carcinoma of the hypopharynx, larynx, trachea, and parapharyngeal space",Yes,No,No
verrucous carcinoma of the hypopharynx,Yes,No,No
verrucous carcinoma of the larynx,Yes,No,No
verrucous carcinoma of the trachea,Yes,No,No
verrucous carcinoma of the parapharyngeal space,Yes,No,No
composite gangliocytoma/neuroma and neuroendocrine tumour,Yes,No,No
diffuse large b-cell lymphoma / high grade b-cell lymphoma with myc and bcl2 rearrangements,Yes,No,No
high grade b-cell lymphoma with myc and bcl2 rearrangements,Yes,No,No
gangliocytoma and mixed gangliocytoma-pitnet/adenoma,Yes,No,No
mixed gangliocytoma-pitnet/adenoma,Yes,No,No
kshv/hhv8-associated b-cell lymphoid proliferations and lymphomas,Yes,No,No
kshv/hhv8-associated b-cell lymphoid proliferations,Yes,No,No
kshv/hhv8-associated b-cell lymphomas,Yes,No,No
myelodysplastic/myeloproliferative neoplasm with sf3b1 mutation and thrombocytosis,Yes,No,No
myelodysplastic neoplasm with sf3b1 mutation and thrombocytosis,Yes,No,No
myeloproliferative neoplasm with sf3b1 mutation and thrombocytosis,Yes,No,No
myeloid/lymphoid neoplasms with eosinophilia and defining gene rearrangement,Yes,No,No
myeloid neoplasms with eosinophilia and defining gene rearrangement,Yes,No,No
lymphoid neoplasms with eosinophilia and defining gene rearrangement,Yes,No,No
t- and nk-lymphoblastic leukaemia/lymphoma,Yes,No,No
t-cell and nk/t-cell lymphomas,Yes,No,No
nk/t-cell lymphomas,Yes,No,No
abnormal (non-molar) villous lesions,Yes,No,No
acinar cystic transformation of the pancreas,Yes,No,No
acquired elastotic haemangioma,Yes,No,No
acquired melanocytic naevus,Yes,No,No
acral melanomas,Yes,No,No
acral naevi,Yes,No,No
acth-producing neuroendocrine tumour,Yes,No,No
acute leukaemia of ambiguous lineage with defining genetic abnormalities,Yes,No,No
acute leukaemia of ambiguous lineage with other defined genetic alterations,Yes,No,No
acute leukaemias of mixed or ambiguous lineage,Yes,No,No
acute myeloid leukaemia (aml),Yes,No,No
acute myeloid leukaemia with bcr::abl1 fusion,Yes,No,No
acute myeloid leukaemia with cbfb::myh11 fusion,Yes,No,No
acute myeloid leukaemia with cebpa mutation,Yes,No,No
acute myeloid leukaemia with defining genetic abnormalities,Yes,No,No
acute myeloid leukaemia with dek::nup214 fusion,Yes,No,No
acute myeloid leukaemia with kmt2a rearrangement,Yes,No,No
acute myeloid leukaemia with maturation,Yes,No,No
acute myeloid leukaemia with mecom rearrangement,Yes,No,No
acute myeloid leukaemia with minimal differentiation,Yes,No,No
acute myeloid leukaemia with npm1 mutation,Yes,No,No
acute myeloid leukaemia with nup98 rearrangement,Yes,No,No
acute myeloid leukaemia with other defined genetic alterations,Yes,No,No
acute myeloid leukaemia with rbm15::mrtfa fusion,Yes,No,No
acute myeloid leukaemia with runx1::runx1t1 fusion,Yes,No,No
acute myeloid leukaemia without maturation,Yes,No,No
acute myeloid leukaemias (amls) defined by differentiation,Yes,No,No
acute myeloid leukaemias (amls) with defining genetic abnormalities,Yes,No,No
acute promyelocytic leukaemia with pml::rara fusion,Yes,No,No
adamantinoma of long bones,Yes,No,No
adenocarcinoma in situ of the lung,Yes,No,No
adenocarcinoma nos,Yes,No,No
adenocarcinoma nos of the lacrimal drainage system,Yes,No,No
adenocarcinoma nos of the thymus,Yes,No,No
adenocarcinoma of intestinal type,Yes,No,No
adenocarcinoma of the seminal vesicle,Yes,No,No
adenocarcinomas of other types,Yes,No,No
adenoid ameloblastoma,Yes,No,No
adenoid basal carcinoma of the uterine cervix,Yes,No,No
adenoid basal carcinoma of the vagina,Yes,No,No
adenoid cystic (basal cell) carcinoma of the prostate,Yes,No,No
adenoid cystic carcinoma of the lung,Yes,No,No
adenomatoid tumour of the pleura,Yes,No,No
adenomyoma of the uterine cervix,Yes,No,No
adenomyoma of the uterine corpus,Yes,No,No
adenosarcoma of the fallopian tube,Yes,No,No
adenosarcoma of the ovary,Yes,No,No
adenosarcoma of the uterine cervix,Yes,No,No
adenosarcoma of the uterine corpus,Yes,No,No
adenosarcoma of the vagina,Yes,No,No
adenosquamous carcinoma of the lung,Yes,No,No
adenosquamous carcinoma of the prostate,Yes,No,No
adenosquamous carcinoma of the thymus,Yes,No,No
adenosquamous carcinoma of the vagina,Yes,No,No
adnexal tumours of the eyelid,Yes,No,No
adrenal cortical tumours,Yes,No,No
adrenal cysts,Yes,No,No
adrenal melanoma,Yes,No,No
adrenal myelolipoma,Yes,No,No
adrenal rests,Yes,No,No
adrenal sex cord stromal tumour,Yes,No,No
adrenal tumours,Yes,No,No
adrenocortical nodular disease,Yes,No,No
adrenocortical remnants,Yes,No,No
adult granulosa cell tumour,Yes,No,No
adult orbital xanthogranulomatous disease,Yes,No,No
adult renal mesenchymal tumours,Yes,No,No
adult-type diffuse gliomas,Yes,No,No
alk postive histiocytosis,Yes,No,No
alk-negative anaplastic large cell lymphoma,Yes,No,No
alk-positive anaplastic large cell lymphoma,Yes,No,No
alk-positive histiocytosis,Yes,No,No
alk-rearranged renal cell carcinoma,Yes,No,No
alk-rearranged renal cell carcinomas,Yes,No,No
ampullary adenocarcinoma,Yes,No,No
ampullary adenoma,Yes,No,No
anal adenocarcinoma,Yes,No,No
anal condyloma,Yes,No,No
anal neuroendocrine neoplasms,Yes,No,No
anal squamous cell carcinoma,Yes,No,No
anal squamous dysplasia (intraepithelial neoplasia),Yes,No,No
anaplastic sarcoma of the kidney,Yes,No,No
anastomosing haemangioma,Yes,No,No
angiofibroma of soft tissue,Yes,No,No
angiomyxoma,Yes,No,No
angiosarcoma of bone,Yes,No,No
angiosarcoma of the thorax,Yes,No,No
anterior pituitary neuroendocrine tumours (pitnets),Yes,No,No
appendiceal adenocarcinoma,Yes,No,No
appendiceal goblet cell adenocarcinoma,Yes,No,No
appendiceal mucinous neoplasm,Yes,No,No
appendiceal neuroendocrine neoplasms,Yes,No,No
appendiceal neuroendocrine tumours,Yes,No,No
arias-stella reaction of the uterine cervix,Yes,No,No
arias-stella reaction of the uterine corpus,Yes,No,No
arteriovenous malformations,Yes,No,No
astrocytic tumours,Yes,No,No
atrophy of the uterine cervix,Yes,No,No
atrophy of the vagina,Yes,No,No
atypical adenomatous hyperplasia of the lung,Yes,No,No
atypical intradermal smooth muscle neoplasm,Yes,No,No
atypical lobular hyperplasia,Yes,No,No
atypical melanocytic naevus of genital type,Yes,No,No
atypical parathyroid tumour,Yes,No,No
atypical polypoid adenomyoma,Yes,No,No
atypical vascular lesions,Yes,No,No
autoimmune lymphoproliferative syndrome,Yes,No,No
bap1-inactivated melanocytoma,Yes,No,No
barrett dysplasia,Yes,No,No
basal cell carcinoma of the scrotum,Yes,No,No
basal cell carcinomas,Yes,No,No
basaloid carcinoma of the thymus,Yes,No,No
benign adnexal tumours of the eyelid,Yes,No,No
benign brenner tumours,Yes,No,No
benign clear cell tumours,Yes,No,No
benign endometrioid tumours,Yes,No,No
benign epithelial conjunctival tumours,Yes,No,No
benign epithelial melanosis of the conjunctiva,Yes,No,No
benign epithelial odontogenic tumours,Yes,No,No
benign hepatocellular tumours,Yes,No,No
benign lipomatous tumours,Yes,No,No
benign melanocytic conjunctival tumours,Yes,No,No
benign mesenchymal odontogenic tumours,Yes,No,No
benign mucinous tumours,Yes,No,No
benign neoplasms of uncertain differentiation,Yes,No,No
benign neural neoplasms,Yes,No,No
benign oropharyngeal lesions,Yes,No,No
benign peripheral nerve sheath tumours,Yes,No,No
benign retinal tumours,Yes,No,No
benign seromucinous tumours,Yes,No,No
benign serous tumours,Yes,No,No
benign site-specific appendageal tumours,Yes,No,No
benign smooth muscle neoplasms,Yes,No,No
benign tumours with follicular differentiation,Yes,No,No
benign tumours with sebaceous differentiation,Yes,No,No
benign vascular tumours,Yes,No,No
bilateral diffuse uveal melanocytic proliferation,Yes,No,No
bile duct adenoma,Yes,No,No
biliary adenofibroma,Yes,No,No
biliary intraepithelial neoplasia,Yes,No,No
biliary intraepithelial neoplasia (see chapter 9),Yes,No,No
bizarre parosteal osteochondromatous proliferation,Yes,No,No
bone metastases,Yes,No,No
borderline brenner tumour,Yes,No,No
borderline brenner tumours,Yes,No,No
borderline clear cell tumours,Yes,No,No
borderline endometrioid tumours,Yes,No,No
borderline mucinous tumours,Yes,No,No
borderline seromucinous tumours,Yes,No,No
borderline serous tumours,Yes,No,No
branchioma,Yes,No,No
breast tumours,Yes,No,No
brenner tumour,Yes,No,No
brenner tumours,Yes,No,No
bronchial papillomas,Yes,No,No
calcifying fibrous tumour of the thorax,Yes,No,No
calcifying nested stromal-epithelial tumour,Yes,No,No
calcifying nested stromal-epithelial tumour of the liver,Yes,No,No
cancer of unknown primary site,Yes,No,No
capillary malformations,Yes,No,No
carcinoma admixed with neuroendocrine carcinoma,Yes,No,No
carcinoma of the extrahepatic bile ducts,Yes,No,No
carcinoma of the gallbladder,Yes,No,No
carcinosarcoma of the fallopian tube,Yes,No,No
carcinosarcoma of the lung,Yes,No,No
carcinosarcoma of the ovary,Yes,No,No
carcinosarcoma of the uterine cervix,Yes,No,No
carcinosarcoma of the uterine corpus,Yes,No,No
carcinosarcoma of the vagina,Yes,No,No
cardiac angiosarcoma,Yes,No,No
cardiac diffuse large b-cell lymphoma,Yes,No,No
cardiac fibrin-associated diffuse large b-cell lymphoma,Yes,No,No
cardiac haemangiomas,Yes,No,No
cardiac leiomyosarcoma,Yes,No,No
cardiac rhabdomyoma,Yes,No,No
cardiac undifferentiated pleomorphic sarcoma,Yes,No,No
cauda equina neuroendocrine tumour (previously paraganglioma),Yes,No,No
cavernous vascular malformation,Yes,No,No
cd30 positive lymphoproliferative disorders,Yes,No,No
central nervous system tumours,Yes,No,No
ceruminous adenoma,Yes,No,No
childhood myelodysplastic neoplasm with increased blasts,Yes,No,No
childhood myelodysplastic neoplasm with low blasts,Yes,No,No
chondrogenic tumours,Yes,No,No
chondrogenic tumours of orbital bone,Yes,No,No
chondroid syringoma,Yes,No,No
chondromesenchymal hamartoma of chest wall,Yes,No,No
chondromesenchymal hamartoma of the chest wall,Yes,No,No
chordoid glioma,Yes,No,No
choriocarcinoma (non-gestational),Yes,No,No
choriocarcinoma of the mediastinum,Yes,No,No
choroid plexus tumours,Yes,No,No
chronic myeloid leukaemia,Yes,No,No
chronic myeloid leukaemia (cml),Yes,No,No
cic-rearranged sarcoma,Yes,No,No
circumscribed astrocytic gliomas,Yes,No,No
circumscribed meningeal melanocytic neoplasms,Yes,No,No
classic hodgkin lymphoma,Yes,No,No
classic hodgkin lymphoma of the mediastinum,Yes,No,No
clear cell adenocarcinoma of the urinary tract,Yes,No,No
clear cell borderline tumour,Yes,No,No
clear cell carcinoma of the ovary,Yes,No,No
clear cell carcinoma of the thymus,Yes,No,No
clear cell carcinoma of the uterine corpus,Yes,No,No
clear cell carcinoma of the vagina,Yes,No,No
clear cell papillary renal cell tumour,Yes,No,No
clear cell renal tumours,Yes,No,No
clear cell sarcoma of the kidney,Yes,No,No
clonal cytopenias of undetermined significance,Yes,No,No
clonal haematopoiesis,Yes,No,No
cns embryonal tumours,Yes,No,No
cns lymphomas,Yes,No,No
cns tumours,Yes,No,No
cold agglutinin disease,Yes,No,No
collecting duct tumours,Yes,No,No
colloid adenocarcinoma of the lung,Yes,No,No
colorectal adenocarcinoma,Yes,No,No
colorectal neuroendocrine neoplasms,Yes,No,No
combined lymphatic-venous malformation of the orbit,Yes,No,No
complete hydatidiform mole,Yes,No,No
conduction system hamartoma,Yes,No,No
condyloma acuminatum (see tumours of the vulva),Yes,No,No
congenital adrenal hyperplasia,Yes,No,No
congenital dermal melanocytosis,Yes,No,No
congenital haemangioma,Yes,No,No
congenital hypertrophy of the retinal pigment epithelium,Yes,No,No
congenital melanocytic tumours,Yes,No,No
congenital naevi,Yes,No,No
conjunctival melanocytic intraepithelial lesions,Yes,No,No
conjunctival melanocytic tumours,Yes,No,No
conjunctival naevus,Yes,No,No
conjunctival neoplasms,Yes,No,No
conjunctival oncocytoma,Yes,No,No
conjunctival squamous cell papilloma,Yes,No,No
conventional chordoma,Yes,No,No
conventional colorectal adenoma,Yes,No,No
corpus luteum cyst,Yes,No,No
craniopharyngiomas,Yes,No,No
cribriform morular thyroid carcinoma,Yes,No,No
cribriform neuroepithelial tumour,Yes,No,No
cribriform tumour (previously carcinoma),Yes,No,No
crtc1::trim11 cutaneous tumour,Yes,No,No
cutaneous epithelioid angiomatous nodule,Yes,No,No
cutaneous leiomyomas,Yes,No,No
cutaneous myxoma (superficial angiomyxoma),Yes,No,No
cystadenoma of the epididymis,Yes,No,No
cystadenoma of the seminal vesicle,Yes,No,No
cystic chondromalacia,Yes,No,No
cystic trophoblastic tumour,Yes,No,No
cysts of the jaws,Yes,No,No
cysts of the vagina,Yes,No,No
dacryops cyst,Yes,No,No
dedifferentiated chordoma,Yes,No,No
deep (aggressive) angiomyxoma,Yes,No,No
deep angiomyxoma,Yes,No,No
deep fibrous histiocytoma,Yes,No,No
dentinogenic ghost cell tumour,Yes,No,No
dermal melanoma,Yes,No,No
dermatomyofibroma,Yes,No,No
desmoid fibromatosis,Yes,No,No
desmoid fibromatosis of the thorax,Yes,No,No
developmental abnormalities,Yes,No,No
diffuse laminar endocervical hyperplasia,Yes,No,No
diffuse large b-cell lymphoma associated with chronic inflammation of the pleura,Yes,No,No
diffuse large b-cell lymphoma nos,Yes,No,No
diffuse leptomeningeal glioneuronal tumour,Yes,No,No
diffuse meningeal melanocytic neoplasms,Yes,No,No
diffuse pleural mesothelioma,Yes,No,No
digestive system metastases,Yes,No,No
digestive system tumours,Yes,No,No
diseases with monoclonal immunoglobulin deposition,Yes,No,No
diverticular carcinoma,Yes,No,No
ductal hidrocystoma,Yes,No,No
dysembryoplastic neuroepithelial tumour,Yes,No,No
dysplastic melanocytic naevus,Yes,No,No
ear tumours,Yes,No,No
ebv-associated smooth muscle tumour,Yes,No,No
ebv-positive diffuse large b-cell lymphoma,Yes,No,No
ebv-positive inflammatory follicular dendritic cell sarcoma,Yes,No,No
ebv-positive lymphoproliferative diseases of childhood,Yes,No,No
ebv+ inflammatory follicular dendritic cell sarcoma of the digestive tract,Yes,No,No
ectopic decidua,Yes,No,No
ectopic prostate tissue,Yes,No,No
ectopic tissue,Yes,No,No
eloc (formerly tceb1)-mutated renal cell carcinoma,Yes,No,No
embryonal carcinoma of the mediastinum,Yes,No,No
embryonal neoplasms of the kidney,Yes,No,No
embryonal sarcoma of the liver,Yes,No,No
embryonal thyroid neoplasms,Yes,No,No
embryonal tumour with multilayered rosettes,Yes,No,No
embryonal tumours,Yes,No,No
endocervical polyp,Yes,No,No
endocervicosis of the uterine cervix,Yes,No,No
endocervicosis of the vagina,Yes,No,No
endometrial carcinomas,Yes,No,No
endometrial hyperplasia without atypia,Yes,No,No
endometrial metaplasia,Yes,No,No
endometrial stromal nodule,Yes,No,No
endometrioid borderline tumour,Yes,No,No
endometrioid carcinoma of the fallopian tube,Yes,No,No
endometrioid carcinoma of the ovary,Yes,No,No
endometrioid carcinoma of the urinary tract,Yes,No,No
endometrioid carcinoma of the uterine corpus,Yes,No,No
endometrioid carcinoma of the vagina,Yes,No,No
endometrioid stromal sarcoma of the ovary,Yes,No,No
endometrioid stromal sarcoma of the peritoneum,Yes,No,No
endosalpingiosis of the fallopian tube,Yes,No,No
endosalpingiosis of the peritoneum,Yes,No,No
enteric-type adenocarcinoma of the lung,Yes,No,No
enteric-type adenocarcinoma of the thymus,Yes,No,No
ependymal tumours,Yes,No,No
epibulbar choristoma (dermoid; dermolipoma; complex choristoma),Yes,No,No
epidermal carcinomas,Yes,No,No
epidermal inclusion cyst,Yes,No,No
epidermal naevi,Yes,No,No
epithelial conjunctival inclusion cyst,Yes,No,No
epithelial neoplasms,Yes,No,No
epithelial tumours of mullerian type,Yes,No,No
epithelial tumours of the breast,Yes,No,No
epithelial tumours of the conjunctiva,Yes,No,No
epithelial tumours of the eyelid,Yes,No,No
epithelial tumours of the lacrimal drainage system,Yes,No,No
epithelial tumours of the prostate,Yes,No,No
epithelial tumours of the seminal vesicle,Yes,No,No
epithelial-myoepithelial carcinoma of the lung,Yes,No,No
epithelial-myoepithelial tumours,Yes,No,No
epithelioid haemangioendothelioma (prev vascular tumours in liver),Yes,No,No
epithelioid haemangioendothelioma of bone,Yes,No,No
epithelioid haemangioendothelioma of the thorax,Yes,No,No
epithelioid haemangioma of bone,Yes,No,No
epithelioid trophoblastic tumour,Yes,No,No
ewsr1-smad3-positive fibroblastic tumour (emerging),Yes,No,No
ewsr1::smad3 rearranged fibroblastic tumour,Yes,No,No
ewsr1::smad3-rearranged fibroblastic tumour,Yes,No,No
exaggerated placental site reaction,Yes,No,No
exostosis (osteoma) of the ear,Yes,No,No
extragastrointestinal stromal tumour,Yes,No,No
extragonadal teratoma,Yes,No,No
extranodal lymphoma of mature nk or t-cell lineage,Yes,No,No
extranodal marginal zone lymphoma,Yes,No,No
extranodal marginal zone lymphoma of malt,Yes,No,No
extranodal marginal zone lymphoma of mucosa-associated lymphoid tissue,Yes,No,No
extranodal marginal zone lymphoma of mucosa-associated lymphoid tissue (malt lymphoma) involving the digestive tract,Yes,No,No
extrarenal pecoma,Yes,No,No
eyelid cysts,Yes,No,No
female genital tumours,Yes,No,No
fetal adenocarcinoma of the lung,Yes,No,No
fetal lung interstitial tumour,Yes,No,No
fetus in fetu,Yes,No,No
fibrin-associated large b-cell lymphoma,Yes,No,No
fibroblastic connective tissue naevus,Yes,No,No
fibroblastic reticular cell tumour,Yes,No,No
fibrocartilaginous mesenchymoma,Yes,No,No
fibrodysplasia ossificans progressiva,Yes,No,No
fibroepithelial stromal polyp,Yes,No,No
fibrolamellar variant of hepatocellular carcinoma,Yes,No,No
fibroosseous tumour of digits,Yes,No,No
fibrous papule,Yes,No,No
florid reactive lymphoid hyperplasia,Yes,No,No
fluid overload-associated large b-cell lymphoma,Yes,No,No
focal nodular hyperplasia of the liver,Yes,No,No
follicle cyst,Yes,No,No
follicular adenoma of the thyroid,Yes,No,No
follicular cell-derived neoplasms,Yes,No,No
follicular dendritic cell neoplasms,Yes,No,No
follicular dendritic cell sarcoma of the mediastinum,Yes,No,No
follicular thyroid adenoma,Yes,No,No
follicular thyroid adenoma with papillary architecture,Yes,No,No
foveolar-type adenoma,Yes,No,No
fumarate hydratase-deficient renal cell carcinoma,Yes,No,No
functioning pancreatic neuroendocrine tumours,Yes,No,No
gastric adenocarcinoma,Yes,No,No
gastric adenosquamous carcinoma,Yes,No,No
gastric dysplasia,Yes,No,No
gastric hyperplastic polyps,Yes,No,No
gastric neuroendocrine neoplasms,Yes,No,No
gastric squamous cell carcinoma,Yes,No,No
gastric undifferentiated carcinoma,Yes,No,No
gastroblastoma,Yes,No,No
gastrointestinal stromal tumour,Yes,No,No
gastrointestinal tumours,Yes,No,No
germ cell neoplasia in situ,Yes,No,No
germ cell tumours derived from germ cell neoplasia in situ,Yes,No,No
germ cell tumours in endocrine organs,Yes,No,No
germ cell tumours of the cns,Yes,No,No
germ cell tumours of the digestive system,Yes,No,No
germ cell tumours of the kidney,Yes,No,No
germ cell tumours of the uterine cervix,Yes,No,No
germ cell tumours of the uterine corpus,Yes,No,No
germ cell tumours of the vagina,Yes,No,No
germ cell tumours of the vulva,Yes,No,No
germ cell tumours of unknown type,Yes,No,No
germ cell tumours unrelated to germ cell neoplasia in situ,Yes,No,No
germ cell-sex cord-stromal tumours,Yes,No,No
germinoma-family tumours,Yes,No,No
gestational choriocarcinoma,Yes,No,No
gli1-altered soft tissue tumour,Yes,No,No
gliomas of the optic nerve,Yes,No,No
gliomatosis,Yes,No,No
glioneuronal hamartoma of the ciliary body,Yes,No,No
granular cell tumour of the thorax,Yes,No,No
haemangioma of bone,Yes,No,No
haemangioma of placenta,Yes,No,No
haemangioma of the thorax,Yes,No,No
haematolymphoid disorders,Yes,No,No
haematolymphoid tumours involving the cns,Yes,No,No
haematolymphoid tumours occurring with some frequency in the digestive system,Yes,No,No
haematolymphoid tumours of the breast,Yes,No,No
haematolymphoid tumours of the digestive system,Yes,No,No
haematolymphoid tumours of the heart,Yes,No,No
haematolymphoid tumours of the lung,Yes,No,No
haematolymphoid tumours of the mediastinum,Yes,No,No
haematopoietic neoplasms of bone,Yes,No,No
haemosiderotic fibrolipomatous tumour,Yes,No,No
hamartoma of the retinal pigment epithelium,Yes,No,No
hamartomatous polyps,Yes,No,No
heart tumours,Yes,No,No
hepatic angiosarcoma,Yes,No,No
hepatic congenital haemangioma,Yes,No,No
hepatic infantile haemangioma,Yes,No,No
hepatic neuroendocrine neoplasms,Yes,No,No
hereditary benign intraepithelial dyskeratosis,Yes,No,No
high grade b-cell lymphoma with 11q aberrations,Yes,No,No
high-grade astrocytoma with piloid features,Yes,No,No
high-grade b-cell lymphoma with 11q aberration,Yes,No,No
high-grade endometrial stromal sarcoma,Yes,No,No
high-grade follicular cell-derived non-anaplastic thyroid carcinoma,Yes,No,No
high-grade serous carcinoma of the fallopian tube,Yes,No,No
high-grade serous carcinoma of the ovary,Yes,No,No
high-grade serous carcinoma of the peritoneum,Yes,No,No
histiocytic nodule,Yes,No,No
histiocytic or dendritic cell neoplasms,Yes,No,No
hiv-associated lymphoproliferative disorders,Yes,No,No
hobnail haemangioendotheliomas,Yes,No,No
hpv-associated multiphenotypic sinonasal carcinoma,Yes,No,No
hpv-associated oral epithelial dysplasia,Yes,No,No
hpv-associated squamous cell carcinoma,Yes,No,No
hpv-independent squamous cell carcinoma,Yes,No,No
hyalinizing clear cell carcinoma,Yes,No,No
hyalinizing clear cell carcinoma of the lung,Yes,No,No
hybrid nerve sheath tumour,Yes,No,No
hydroa vacciniforme lymphoproliferative disorder,Yes,No,No
hyperreactio luteinalis,Yes,No,No
idiopathic multicentric castleman disease,Yes,No,No
igg4-related disease,Yes,No,No
igm monoclonal gammopathy of undetermined significance,Yes,No,No
immature teratoma (female gonadal),Yes,No,No
immature teratoma of the ovary,Yes,No,No
immunoglobulin-related (al) amyloidosis,Yes,No,No
in situ follicular b-cell neoplasm,Yes,No,No
in situ mantle cell neoplasm,Yes,No,No
in-situ cutaneous melanoma,Yes,No,No
inborn error of immunity-associated lymphoproliferative disorders,Yes,No,No
inclusion body infantile digital fibromatosis,Yes,No,No
indolent nk-cell lymphoproliferative disorder of the gastrointestinal tract,Yes,No,No
indolent t-cell lymphoma of the gastrointestinal tract,Yes,No,No
indolent t-cell lymphoproliferative disorder of the gi tract,Yes,No,No
indolent t-lymphoblastic proliferation,Yes,No,No
infant-type hemispheric glioma,Yes,No,No
inflammatory bowel disease-associated dysplasia of the colorectum,Yes,No,No
inflammatory cloacogenic polyp,Yes,No,No
inflammatory fibroid polyp,Yes,No,No
inflammatory leiomyosarcoma,Yes,No,No
inflammatory myofibroblastic tumour of the thorax,Yes,No,No
intermediate neoplasms of uncertain differentiation,Yes,No,No
intermediate smooth muscle neoplasms,Yes,No,No
intermediate vascular neoplasms,Yes,No,No
intestinal t-cell lymphoma nos,Yes,No,No
intestinal-type gastric adenoma,Yes,No,No
intestinal-type sinonasal adenocarcinoma,Yes,No,No
intraductal carcinoma of the prostate,Yes,No,No
intraductal papillary neoplasm of the bile ducts,Yes,No,No
intraductal papillary neoplasm of the bile ducts (see chapter 9),Yes,No,No
intramuscular angioma,Yes,No,No
intramuscular vascular anomalies,Yes,No,No
intranodal palisaded myofibroblastoma,Yes,No,No
intraocular haematolymphoid proliferations,Yes,No,No
intratarsal cyst,Yes,No,No
intrathyroidal thymic carcinoma,Yes,No,No
intratubular germ cell neoplasia (male gonadal),Yes,No,No
intravascular large b-cell lymphoma of the lung,Yes,No,No
intravenous leiomyomatosis,Yes,No,No
invasive breast carcinoma of no special type,Yes,No,No
invasive breast carcinoma: general overview,Yes,No,No
invasive carcinoma,Yes,No,No
invasive cutaneous melanoma,Yes,No,No
invasive encapsulated follicular variant of papillary thyroid carcinoma,Yes,No,No
invasive mucinous adenocarcinoma of the lung,Yes,No,No
invasive non-mucinous adenocarcinoma of the lung,Yes,No,No
invasive squamous epithelial tumours,Yes,No,No
invasive urothelial carcinoma,Yes,No,No
invasive urothelial neoplasms,Yes,No,No
inverted follicular keratosis,Yes,No,No
iris naevus,Yes,No,No
iris tumours,Yes,No,No
juvenile fibroadenoma,Yes,No,No
juvenile granulosa cell tumour,Yes,No,No
juvenile granulosa cell tumour of the ovary,Yes,No,No
juvenile granulosa cell tumour of the testis,Yes,No,No
juvenile hyaline fibromatosis (hyaline fibromatosis syndrome),Yes,No,No
juvenile papillomatosis,Yes,No,No
juvenile trabecular ossifying fibroma,Yes,No,No
keratoacanthomas,Yes,No,No
keratocystoma,Yes,No,No
kikuchi-fujimoto disease,Yes,No,No
langerhans cell tumours,Yes,No,No
langerhans cells neoplasms,Yes,No,No
large b-cell lymphomas,Yes,No,No
large cell calcifying sertoli cell tumour,Yes,No,No
large cell carcinoma of the lung,Yes,No,No
large cell carcinomas,Yes,No,No
large cell neuroendocrine carcinoma of the lung,Yes,No,No
large cell neuroendocrine carcinoma of the thymus,Yes,No,No
large solitary luteinized follicle cyst,Yes,No,No
laryngeal cartilaginous tumours,Yes,No,No
leiomyoma of the lower genital tract,Yes,No,No
leiomyomatosis peritonealis disseminata,Yes,No,No
leiomyosarcoma of the lower genital tract,Yes,No,No
lesions in the adrenal cortex,Yes,No,No
leydig cell hyperplasia,Yes,No,No
lipoblastoma-like tumour of the vulva,Yes,No,No
lipocytic tumours,Yes,No,No
lipofibroadenoma of the thymus,Yes,No,No
lipoma of the thorax,Yes,No,No
lipomas,Yes,No,No
lipomatous hamartoma of the atrioventricular valve,Yes,No,No
liposarcoma of the thorax,Yes,No,No
liposarcomas,Yes,No,No
lisch nodule (iris hamartoma),Yes,No,No
littoral cell angioma,Yes,No,No
liver tumours,Yes,No,No
lobular capillary haemangioma (pyogenic granuloma),Yes,No,No
localized pleural mesothelioma,Yes,No,No
low-csd melanoma (including superficial spreading melanoma),Yes,No,No
low-grade endometrial stromal sarcoma,Yes,No,No
low-grade nasopharyngeal papillary adenocarcinoma,Yes,No,No
low-grade papillary adenocarcinoma of the thymus,Yes,No,No
low-grade serous carcinoma of the ovary,Yes,No,No
low-grade serous carcinoma of the peritoneum,Yes,No,No
low-risk neoplasms,Yes,No,No
lower female genital tract tumours,Yes,No,No
lung neuroendocrine neoplasms,Yes,No,No
lung tumours,Yes,No,No
luteinized thecoma associated with sclerosing peritonitis,Yes,No,No
lymphangiectasia,Yes,No,No
lymphangioleiomyomatosis of the lung,Yes,No,No
lymphangioma of the thorax,Yes,No,No
lymphatic anomalies,Yes,No,No
lymphoepithelial carcinoma of the larynx,Yes,No,No
lymphoepithelial carcinoma of the lung,Yes,No,No
lymphoepithelial carcinoma of the thymus,Yes,No,No
lymphoepithelial cyst,Yes,No,No
lymphomatoid granulomatosis of the lung,Yes,No,No
malignant adenomyoepithelioma,Yes,No,No
malignant adipocytic tumours,Yes,No,No
malignant adnexal tumours of the eyelid,Yes,No,No
malignant biliary tumours,Yes,No,No
malignant brenner tumour,Yes,No,No
malignant brenner tumours,Yes,No,No
malignant clear cell tumours,Yes,No,No
malignant endometrioid tumours,Yes,No,No
malignant epithelial tumours of the eyelid,Yes,No,No
malignant epithelial tumours of the lacrimal drainage system,Yes,No,No
malignant melanocytic eyelid tumours,Yes,No,No
malignant melanotic nerve sheath tumour,Yes,No,No
malignant mixed germ cell tumours,Yes,No,No
malignant mucinous tumours,Yes,No,No
malignant neoplasms,Yes,No,No
malignant neoplasms of uncertain differentiation,Yes,No,No
malignant neural neoplasms,Yes,No,No
malignant odontogenic tumours,Yes,No,No
malignant peripheral nerve sheath tumour of the thorax,Yes,No,No
malignant rhabdoid tumour of the kidney,Yes,No,No
malignant seromucinous tumours,Yes,No,No
malignant serous tumours,Yes,No,No
malignant site-specific appendageal tumours,Yes,No,No
malignant tumours with follicular differentiation,Yes,No,No
malignant tumours with sebaceous differentiation,Yes,No,No
malignant vascular sarcomas,Yes,No,No
malt lymphoma of the dura,Yes,No,No
malt lymphoma of the lung,Yes,No,No
malt lymphoma of the mediastinum,Yes,No,No
marginal zone lymphoma,Yes,No,No
masson tumour,Yes,No,No
mast cell neoplasia,Yes,No,No
mature b-cell lymphomas,Yes,No,No
mature cystic teratoma,Yes,No,No
mature plasmacytoid dendritic cell proliferation associated with myeloid neoplasm,Yes,No,No
mature teratoma of the ovary,Yes,No,No
mediastinal germ cell tumours with associated haematological malignancy,Yes,No,No
mediastinal germ cell tumours with somatic-type solid malignancy,Yes,No,No
mediastinal grey zone lymphoma,Yes,No,No
medulloepithelioma of the ciliary body,Yes,No,No
melanocytic cns tumours,Yes,No,No
melanocytic conjunctival tumours,Yes,No,No
melanocytic eyelid tumours,Yes,No,No
melanocytic neoplasms,Yes,No,No
melanocytic neoplasms in chronically sun-exposed skin,Yes,No,No
melanocytic neoplasms in intermittently sun-exposed skin,Yes,No,No
melanocytic tumours in acral skin,Yes,No,No
melanocytic tumours of the iris,Yes,No,No
melanocytic tumours of the lacrimal drainage system,Yes,No,No
melanocytic tumours of the orbit,Yes,No,No
melanocytomas,Yes,No,No
melanocytosis,Yes,No,No
melanoma arising in blue naevus,Yes,No,No
melanoma in chronically sun-exposed skin,Yes,No,No
melanoma intermittently sun-exposed skin,Yes,No,No
melanoma involving the lacrimal drainage system,Yes,No,No
melanoma metastatic to other organs,Yes,No,No
melanoma metastatic to the skin,Yes,No,No
melanoma of the lung,Yes,No,No
melanomas arising from blue naevi,Yes,No,No
melanomas arising in congenital naevi,Yes,No,No
melanomatosis,Yes,No,No
melanotic neuroectodermal tumour of infancy,Yes,No,No
melanotic neuroectodermal tumour of the epididymis,Yes,No,No
meningeal tumours of the optic nerve,Yes,No,No
meningioma of the lung,Yes,No,No
mesectodermal leiomyoma,Yes,No,No
mesenchymal cardiac hamartoma,Yes,No,No
mesenchymal dendritic cell neoplasms,Yes,No,No
mesenchymal hamartoma,Yes,No,No
mesenchymal hamartoma of the liver,Yes,No,No
mesenchymal hamartoma of the orbit,Yes,No,No
mesenchymal renal tumours,Yes,No,No
mesenchymal tumours of the breast,Yes,No,No
mesenchymal tumours of the digestive system,Yes,No,No
mesenchymal tumours of the lower genital tract,Yes,No,No
mesenchymal tumours of the sinonasal tract,Yes,No,No
mesenchymal tumours of the thorax,Yes,No,No
mesenchymal tumours of the uterus,Yes,No,No
mesenchymal tumours specific to peritoneum,Yes,No,No
mesenchymal tumours specific to the lung,Yes,No,No
mesenchymal tumours unique to the liver,Yes,No,No
mesenchymal tumours unique to the prostate,Yes,No,No
mesoblastic nephroma,Yes,No,No
mesonephric adenocarcinoma of the vagina,Yes,No,No
mesonephric-like adenocarcinoma,Yes,No,No
mesothelial hyperplasia,Yes,No,No
mesothelial tumours,Yes,No,No
mesothelial tumours (see tumours of the peritoneum),Yes,No,No
mesothelioma in situ,Yes,No,No
metaplastic papillary lesion,Yes,No,No
metastases,Yes,No,No
metastases in the genitourinary system,Yes,No,No
metastases to intra-ocular structures,Yes,No,No
metastases to ocular adnexal structures,Yes,No,No
metastases to skin,Yes,No,No
metastases to the breast,Yes,No,No
metastases to the cns,Yes,No,No
metastases to the meninges,Yes,No,No
metastases to the ovary,Yes,No,No
metastasis,Yes,No,No
metastasis to the kidney,Yes,No,No
metastasis to the lower female genital tract,Yes,No,No
metastasis to the lung,Yes,No,No
metastasis to the pleura,Yes,No,No
metastasis to the urinary tract,Yes,No,No
metastasizing leiomyoma,Yes,No,No
metastatic pitnet,Yes,No,No
metastatic pitnets,Yes,No,No
microcystic stromal tumour,Yes,No,No
microsecretory adenocarcinoma,Yes,No,No
middle ear adenocarcinoma,Yes,No,No
middle ear neuroendocrine tumour,Yes,No,No
middle ear papilloma,Yes,No,No
middle ear squamous cell carcinoma,Yes,No,No
mimics of squamous precursor lesions,Yes,No,No
minimally invasive adenocarcinoma of the lung,Yes,No,No
miscellaneous mesenchymal tumours,Yes,No,No
miscellaneous primary tumours,Yes,No,No
miscellaneous rare lymphomas in the cns,Yes,No,No
miscellaneous renal tumours,Yes,No,No
mitf pathway-activated melanocytic tumours,Yes,No,No
mixed acinar-neuroendocrine carcinoma,Yes,No,No
mixed carcinoma of the ovary,Yes,No,No
mixed carcinoma of the uterine corpus,Yes,No,No
mixed ductal adenocarcinoma-neuroendocrine neoplasms,Yes,No,No
mixed germ cell tumour of the ovary,Yes,No,No
mixed germ cell tumours of the mediastinum,Yes,No,No
mixed germ cell tumours of the testis,Yes,No,No
mixed neuroendocrine neoplasms,Yes,No,No
mixed neuroendocrine-non-neuroendocrine neoplasms,Yes,No,No
mixed sex cord stromal tumour,Yes,No,No
mixed trophoblastic tumour,Yes,No,No
mixed tumour of the vagina,Yes,No,No
mixed-phenotype acute leukaemia with bcr::abl1 fusion,Yes,No,No
mixed-phenotype acute leukaemia with kmt2a rearrangement,Yes,No,No
molecularly defined renal carcinomas,Yes,No,No
molecularly defined renal tumours,Yes,No,No
molluscum contagiosum,Yes,No,No
monoclonal gammopathies,Yes,No,No
monoclonal gammopathy of renal significance,Yes,No,No
monoclonal immunoglobulin deposition disease,Yes,No,No
monodermal cystic teratoma,Yes,No,No
monodermal teratomas (female gonadal),Yes,No,No
mucinous borderline tumour,Yes,No,No
mucinous carcinoma of the ovary,Yes,No,No
mucinous cystadenoma of the lung,Yes,No,No
mucinous metaplasia,Yes,No,No
mucoepidermoid carcinoma of the lung,Yes,No,No
mucoepidermoid carcinoma of the thymus,Yes,No,No
mucosal melanoma of the digestive system,Yes,No,No
mucosal melanomas,Yes,No,No
mullerian papilloma,Yes,No,No
mullerian papilloma of the uterine cervix,Yes,No,No
mullerian papilloma of the vagina,Yes,No,No
multinucleate cell angiohistiocytoma,Yes,No,No
multiple pitnets,Yes,No,No
myelodysplastic neoplasm with biallelic tp53 inactivation,Yes,No,No
myelodysplastic neoplasm with increased blasts,Yes,No,No
myelodysplastic neoplasm with low blasts,Yes,No,No
myelodysplastic neoplasms of childhood,Yes,No,No
myelodysplastic syndrome with excess blasts (childhood myelodysplastic neoplasm with increased blasts),Yes,No,No
myeloid leukaemia,Yes,No,No
myeloid neoplasm post cytotoxic therapy,Yes,No,No
myeloid neoplasms associated with germline predisposition,Yes,No,No
myeloid precursor lesions,Yes,No,No
myeloid proliferations associated with down syndrome,Yes,No,No
myeloid sarcoma of the mediastinum,Yes,No,No
myeloid tumours,Yes,No,No
myoepithelial tumours of soft tissue,Yes,No,No
myofibroblastic tumour,Yes,No,No
myoid gonadal stromal tumour,Yes,No,No
myointimoma,Yes,No,No
myxofibrosarcoma of the thorax,Yes,No,No
myxoid glioneuronal tumour,Yes,No,No
myxoid pleomorphic liposarcoma,Yes,No,No
nabothian cyst,Yes,No,No
naevi,Yes,No,No
naevi of the eyelid,Yes,No,No
nail bed epithelial tumours,Yes,No,No
nasal chondromesenchymal hamartoma,Yes,No,No
nasal dermoid cyst,Yes,No,No
nasopharyngeal dermoid,Yes,No,No
nasopharyngeal tumours,Yes,No,No
necrotizing sialometaplasia,Yes,No,No
neuroectodermal-type tumours,Yes,No,No
neuroendocrine carcinomas,Yes,No,No
neuroendocrine neoplasia,Yes,No,No
neuroendocrine neoplasms in non-endocrine organs,Yes,No,No
neuroendocrine tumour,Yes,No,No
neuromas,Yes,No,No
nk-large granular lymphocytic leukaemia,Yes,No,No
nodal t-follicular helper (tfh) cell lymphoma,Yes,No,No
nodular hyperplasia of the ciliary epithelium,Yes,No,No
nodular lymphocyte-predominant hodgkin lymphoma,Yes,No,No
non-ampullary adenocarcinoma,Yes,No,No
non-ampullary adenoma,Yes,No,No
non-functioning (non-syndromic) pancreatic neuroendocrine tumours,Yes,No,No
non-functioning pancreatic neuroendocrine tumours,Yes,No,No
non-germ cell testicular tumours,Yes,No,No
non-germ cell tumours of the female genital tract,Yes,No,No
non-germinomatous germ cell tumours,Yes,No,No
non-gestational choriocarcinoma,Yes,No,No
non-intestinal-type sinonasal adenocarcinoma,Yes,No,No
non-invasive germ cell neoplasia,Yes,No,No
non-invasive lobular neoplasia,Yes,No,No
non-invasive urothelial neoplasms,Yes,No,No
non-neural granular cell tumour,Yes,No,No
non-ossifying fibroma,Yes,No,No
non-seminomatous germ cell tumours,Yes,No,No
ntrk-rearranged spindle cell neoplasm,Yes,No,No
ntrk-rearranged spindle cell neoplasm (emerging),Yes,No,No
nut carcinoma of the lung (see nut carcinoma of the thorax),Yes,No,No
nut carcinoma of the thorax,Yes,No,No
ocular adnexal lymphomas,Yes,No,No
oesophageal adenoid cystic carcinoma,Yes,No,No
oesophageal neuroendocrine neoplasms,Yes,No,No
oesophageal squamous cell carcinoma nos,Yes,No,No
oesophageal squamous dysplasia,Yes,No,No
oesophageal squamous papilloma,Yes,No,No
oesophageal undifferentiated carcinoma,Yes,No,No
oncocytic adenoma of the thyroid,Yes,No,No
oncocytic carcinoma of the thyroid,Yes,No,No
oncocytoma of the kidney,Yes,No,No
onychocytic matricoma,Yes,No,No
onychomatricoma,Yes,No,No
onychopapilloma,Yes,No,No
optic nerve choristoma,Yes,No,No
optic nerve tumours,Yes,No,No
oral melanoacanthoma,Yes,No,No
oral squamous cell carcinoma,Yes,No,No
orbital glial heterotopia,Yes,No,No
orbital venous malformation,Yes,No,No
osteoclast-rich giant cell tumours of orbital bone,Yes,No,No
osteoclastic giant cell-rich tumours,Yes,No,No
osteogenic tumours of orbital bone,Yes,No,No
osteosarcoma of the jaw,Yes,No,No
other adenocarcinomas of the uterine cervix,Yes,No,No
other anterior pituitary tumours,Yes,No,No
other benign vascular tumours,Yes,No,No
other bone tumours,Yes,No,No
other carcinomas,Yes,No,No
other cns embryonal tumours,Yes,No,No
other congenital thyroid abnormalities,Yes,No,No
other cutaneous lymphoproliferative disorders,Yes,No,No
other cysts of the vulva,Yes,No,No
other endometrial carcinomas,Yes,No,No
other epithelial tumours,Yes,No,No
other low-grade b-cell lymphomas of the cns,Yes,No,No
other mesenchymal tumours of bone,Yes,No,No
other mesenchymal tumours of the uterus,Yes,No,No
other neuroendocrine tumours,Yes,No,No
other oncocytic tumours of the kidney,Yes,No,No
other ovarian mesenchymal tumours,Yes,No,No
other ovarian tumours,Yes,No,No
other pancreatic neuroendocrine tumours with ectopic hormone production,Yes,No,No
other peripheral t-cell lymphomas,Yes,No,No
other renal tumours,Yes,No,No
other sarcomas that may involve the heart,Yes,No,No
other scrotal tumours,Yes,No,No
other sellar tumours,Yes,No,No
other sinonasal tumours,Yes,No,No
other tumour-like lesions of the peritoneum,Yes,No,No
other tumours of orbital bone,Yes,No,No
other tumours of the digestive system,Yes,No,No
other tumours of the seminal vesicle,Yes,No,No
ovarian carcinoid,Yes,No,No
ovarian fibroma,Yes,No,No
ovarian fibrosarcoma,Yes,No,No
ovarian myxoma,Yes,No,No
ovarian tumours,Yes,No,No
paediatric gastrointestinal stromal tumour,Yes,No,No
paediatric hepatocellular carcinoma,Yes,No,No
paediatric nodal marginal zone lymphoma,Yes,No,No
paediatric ntrk-rearranged spindle cell neoplasm,Yes,No,No
paediatric renal mesenchymal tumours,Yes,No,No
paediatric-type diffuse high-grade gliomas,Yes,No,No
paediatric-type diffuse low-grade gliomas,Yes,No,No
paget disease of the breast,Yes,No,No
pancreatic acinar cell carcinoma,Yes,No,No
pancreatic ductal adenocarcinoma,Yes,No,No
pancreatic intraductal oncocytic papillary neoplasm,Yes,No,No
pancreatic intraductal papillary mucinous neoplasm,Yes,No,No
pancreatic intraductal tubulopapillary neoplasm,Yes,No,No
pancreatic intraepithelial neoplasia,Yes,No,No
pancreatic minens,Yes,No,No
pancreatic mucinous cystic neoplasm,Yes,No,No
pancreatic neuroendocrine carcinoma,Yes,No,No
pancreatic neuroendocrine neoplasms,Yes,No,No
pancreatic tumours,Yes,No,No
papillary adenoma of the lung,Yes,No,No
papillary cystadenoma of the epididymis,Yes,No,No
papillary ductal carcinoma in situ,Yes,No,No
papillary glioneuronal tumour,Yes,No,No
papillary haemangioma,Yes,No,No
papillary hidradenoma,Yes,No,No
papillary neoplasms,Yes,No,No
papillary renal tumours,Yes,No,No
papillary tumour of the pineal region,Yes,No,No
paraganglioma of the thorax,Yes,No,No
paraganglioma-like neuroendocrine neoplasms,Yes,No,No
paragangliomas,Yes,No,No
paraganglion tumours,Yes,No,No
paratesticular mesothelial tumours,Yes,No,No
parathyroid endocrine tumours,Yes,No,No
parathyroid hyperplasia,Yes,No,No
parathyroid lipoadenoma,Yes,No,No
parathyroid tumours,Yes,No,No
paratubal cysts,Yes,No,No
partial hydatidiform mole,Yes,No,No
pecoma of the lung,Yes,No,No
periosteal chondrosarcoma,Yes,No,No
peripheral neuroblastic tumours,Yes,No,No
peripheral neuroblastic tumours of the thorax,Yes,No,No
peripheral t-cell lymphoma nos,Yes,No,No
peritoneal inclusion cysts,Yes,No,No
perivascular epithelioid cell tumour (pecoma),Yes,No,No
pilomatrical carcinoma,Yes,No,No
pilomatricoma,Yes,No,No
pineal parenchymal tumour of intermediate differentiation,Yes,No,No
pineal tumours,Yes,No,No
pitnets of pit1 lineage,Yes,No,No
pitnets of sf1 lineage,Yes,No,No
pitnets of tpit lineage,Yes,No,No
pitnets without distinct lineage differentiation,Yes,No,No
pituicyte-derived tumours,Yes,No,No
pituicytomas,Yes,No,No
pituitary endocrine tumours,Yes,No,No
pituitary tumours,Yes,No,No
placental site nodule occurring in the fallopian tube,Yes,No,No
placental site trophoblastic tumour,Yes,No,No
plasmacytoid dendritic cell neoplasms,Yes,No,No
pleomorphic adenoma of the lung,Yes,No,No
pleomorphic carcinoma of the lung,Yes,No,No
plexiform fibromyxoma,Yes,No,No
poikilodermatous plaque-like haemangioma,Yes,No,No
polymorphous low-grade neuroepithelial tumour of the young,Yes,No,No
poorly differentiated chordoma,Yes,No,No
post-radiation atypical vascular lesion,Yes,No,No
posterior fossa ependymoma,Yes,No,No
posterior fossa group a (pfa) ependymoma,Yes,No,No
posterior fossa group b (pfb) ependymoma,Yes,No,No
postoperative spindle cell nodule,Yes,No,No
postpubertal-type teratoma,Yes,No,No
postradiation angiosarcoma of the breast,Yes,No,No
posttransplant lymphoproliferative disorders,Yes,No,No
precursor lesion,Yes,No,No
pregnancy luteoma,Yes,No,No
prepubertal fibroma,Yes,No,No
prepubertal-type testicular teratoma,Yes,No,No
primary angiosarcoma of the breast,Yes,No,No
primary cutaneous acral cd8-positive t-cell lymphoproliferative disorder,Yes,No,No
primary cutaneous cd30-positive t-cell lymphoproliferative disorder: lymphomatoid papulosis,Yes,No,No
primary cutaneous cd30-positive t-cell lymphoproliferative disorder: primary cutaneous anaplastic large cell lymphoma,Yes,No,No
primary cutaneous cd30+ t-cell lymphoproliferative disorder: lymphomatoid papulosis,Yes,No,No
primary cutaneous cd30+ t-cell lymphoproliferative disorder: primary cutaneous anaplastic large cell lymphoma,Yes,No,No
primary cutaneous cd4-positive small or medium t-cell lymphoproliferative disorder,Yes,No,No
primary cutaneous marginal zone lymphoma,Yes,No,No
primary cutaneous mature b cell neoplasms,Yes,No,No
primary cutaneous t cell disorders,Yes,No,No
primary cutaneous t-cell neoplasms,Yes,No,No
primary immunodeficiency-associated lymphoproliferative disorders,Yes,No,No
primary intraosseous carcinoma nos,Yes,No,No
primary large b-cell lymphoma of immune-privileged sites,Yes,No,No
primary mucosal cd30-positive t-cell lymphoproliferative disorder,Yes,No,No
primary orbital melanoma,Yes,No,No
primary pulmonary myxoid sarcoma with ewsr1-creb1 fusion,Yes,No,No
primary vitreoretinal large b-cell lymphoma,Yes,No,No
primordial odontogenic tumour,Yes,No,No
proliferating trichilemmal tumour,Yes,No,No
prostatic acinar adenocarcinoma,Yes,No,No
prostatic cystadenoma,Yes,No,No
prostatic ductal adenocarcinoma,Yes,No,No
prostatic stromal sarcoma,Yes,No,No
prostatic stromal tumour of uncertain malignant potential,Yes,No,No
psammomatoid ossifying fibroma,Yes,No,No
pseudomyxoma peritonei,Yes,No,No
pulmonary chondroma,Yes,No,No
pulmonary diffuse large b-cell lymphoma,Yes,No,No
pulmonary erdheim-chester disease,Yes,No,No
pure sex cord tumours,Yes,No,No
pure squamous carcinoma of the urothelial tract,Yes,No,No
pure stromal tumours,Yes,No,No
reactive b-cell rich lymphoid proliferations,Yes,No,No
reactive b-cell rich lymphoid proliferations that can mimic lymphoma,Yes,No,No
reactive epithelial hyperplasia of the ciliary epithelium,Yes,No,No
reactive epithelial hyperplasia of the conjunctiva,Yes,No,No
reactive hyperplasia of the retinal pigment epithelium,Yes,No,No
reactive lymphoid lesions,Yes,No,No
reactive t-cell rich lymphoid proliferations,Yes,No,No
refractory cytopenia of childhood (childhood myelodysplastic neoplasm with low blasts),Yes,No,No
regressed germ cell tumours,Yes,No,No
renal cell carcinoma nos,Yes,No,No
renal cell carcinoma with mit translocations,Yes,No,No
renal cell tumours,Yes,No,No
renal ewing sarcoma,Yes,No,No
renal haemangioblastoma,Yes,No,No
renal mesenchymal tumours,Yes,No,No
renal papillary adenoma,Yes,No,No
rhabdoid tumour of the kidney,Yes,No,No
rhabdomyosarcoma family,Yes,No,No
rhabdomyosarcoma of the thorax,Yes,No,No
rhabdomyosarcoma with tfcp2 rearrangement,Yes,No,No
rhabdomyosarcomas,Yes,No,No
rosette-forming glioneuronal tumour,Yes,No,No
round cell sarcoma with ewsr1-non-ets fusions,Yes,No,No
round cell sarcoma with ewsr1::non-ets fusions,Yes,No,No
salpingitis isthmica nodosa,Yes,No,No
sarcoma with bcor genetic alterations,Yes,No,No
sarcomatoid carcinoma of the thymus,Yes,No,No
sarcomatoid carcinomas,Yes,No,No
schwannoma of the thorax,Yes,No,No
sclerosing angiomatoid nodular transformation (sant) of spleen,Yes,No,No
sclerosing microcystic adenocarcinoma,Yes,No,No
sclerosing polycystic adenoma,Yes,No,No
sclerosing stromal tumour,Yes,No,No
seborrheic keratosis,Yes,No,No
secondary cutaneous involvement in myeloid neoplasms,Yes,No,No
secondary lymphomatoid granulomatosis,Yes,No,No
segmental odontomaxillary dysplasia,Yes,No,No
sellar neurocytoma,Yes,No,No
seminoma of the mediastinum,Yes,No,No
seromucinous borderline tumour,Yes,No,No
seromucinous carcinoma,Yes,No,No
seromucinous tumours,Yes,No,No
serotonin-producing neuroendocrine tumour,Yes,No,No
serous borderline tumour of the fallopian tube,Yes,No,No
serous borderline tumour of the ovary,Yes,No,No
serous borderline tumour of the peritoneum,Yes,No,No
serous carcinoma of the uterine corpus,Yes,No,No
serous cystadenocarcinoma,Yes,No,No
serous cystadenoma,Yes,No,No
serous neoplasms of the pancreas,Yes,No,No
serous tumour of borderline malignancy,Yes,No,No
sertoli cell tumours,Yes,No,No
sertoli-leydig cell tumour,Yes,No,No
sex cord stromal tumour nos,Yes,No,No
sex cord stromal tumours of the testis,Yes,No,No
sex cord tumour with annular tubules,Yes,No,No
sex cord-stromal tumour nos,Yes,No,No
sezary syndrome,Yes,No,No
signet ring stromal tumour,Yes,No,No
signet-ring stromal tumour,Yes,No,No
sinonasal angiofibroma,Yes,No,No
sinonasal lymphoepithelial carcinoma,Yes,No,No
sinonasal tract angiofibroma,Yes,No,No
sinonasal tract myxoma,Yes,No,No
site-specific appendageal tumours,Yes,No,No
site-specific haematolymphoid tumours,Yes,No,No
skin tumours,Yes,No,No
small cell carcinoma of the thymus,Yes,No,No
small cell lung carcinoma,Yes,No,No
smarcb1-deficient renal medullary carcinoma,Yes,No,No
smooth muscle tumour of uncertain malignant potential,Yes,No,No
smooth muscle tumour of uncertain malignant potential of the lower genital tract,Yes,No,No
smooth muscle tumour of uncertain malignant potential of the uterine corpus,Yes,No,No
smooth muscle tumours of the ovary,Yes,No,No
solid pseudopapillary neoplasm,Yes,No,No
solid pseudopapillary neoplasm of the pancreas,Yes,No,No
solid pseudopapillary tumour,Yes,No,No
solitary fibrous tumour of the lower genital tract,Yes,No,No
solitary fibrous tumour of the peritoneum,Yes,No,No
solitary fibrous tumour of the thorax,Yes,No,No
somatic neoplasms arising from teratomas,Yes,No,No
specific forms of intratubular germ cell neoplasia,Yes,No,No
spermatocytic tumour,Yes,No,No
spinal ependymoma,Yes,No,No
spindle cell squamous carcinoma,Yes,No,No
spindle epithelial tumour with thymus-like elements,Yes,No,No
spitz melanocytoma,Yes,No,No
spitz melanocytoma (atypical spitz tumour),Yes,No,No
spitz melanoma,Yes,No,No
spitz naevi,Yes,No,No
spitz tumours,Yes,No,No
spleen-specific vascular-stromal tumours,Yes,No,No
splenic hamartoma,Yes,No,No
splenic vascular-stromal tumours,Yes,No,No
splenosis,Yes,No,No
squamoid ductal eccrine carcinoma,Yes,No,No
squamous carcinoma of unknown primary site,Yes,No,No
squamous cell carcinoma nos,Yes,No,No
squamous cell carcinoma nos of the uterine cervix,Yes,No,No
squamous cell carcinoma nos of the vagina,Yes,No,No
squamous cell carcinoma nos of the vulva,Yes,No,No
squamous cell carcinoma of the epididymis,Yes,No,No
squamous cell carcinoma of the external auditory canal,Yes,No,No
squamous cell carcinoma of the lung,Yes,No,No
squamous cell carcinoma of the prostate,Yes,No,No
squamous cell carcinoma of the seminal vesicle,Yes,No,No
squamous cell carcinoma of the thymus,Yes,No,No
squamous cell carcinoma with sarcomatoid differentiation,Yes,No,No
squamous cell carcinomas,Yes,No,No
squamous cell carcinomas of the urinary tract,Yes,No,No
squamous cell neoplasms of the urinary tract,Yes,No,No
squamous epithelial tumours,Yes,No,No
squamous intraepithelial lesions of the uterine cervix,Yes,No,No
squamous intraepithelial lesions of the vagina,Yes,No,No
squamous metaplasia,Yes,No,No
squamous neoplasms of the prostate,Yes,No,No
squamous neoplasms of the seminal vesicle,Yes,No,No
squamous papilloma of the urothelial tract,Yes,No,No
squamous papilloma of the vagina,Yes,No,No
squamous precursor lesions,Yes,No,No
steroid cell tumour,Yes,No,No
striated duct adenoma,Yes,No,No
stroma-derived neoplasms of lymphoid tissues,Yes,No,No
stromal tumours of the prostate,Yes,No,No
struma ovarii,Yes,No,No
submucous fibrosis,Yes,No,No
subungual exostosis,Yes,No,No
subungual keratoacathoma,Yes,No,No
superficial angiomyxoma,Yes,No,No
superficial cd34-positive fibroblastic tumour,Yes,No,No
superficial cd34+ fibroblastic tumour,Yes,No,No
superficial myofibroblastoma,Yes,No,No
supratentorial ependymoma,Yes,No,No
surgical ciliated cyst,Yes,No,No
sympathetic paraganglioma,Yes,No,No
synovial haemangioma,Yes,No,No
synovial sarcoma of the thorax,Yes,No,No
systemic chronic active ebv disease,Yes,No,No
systemic ebv-positive t-cell lymphoma of childhood,Yes,No,No
t-large granular lymphocytic leukaemia,Yes,No,No
t-prolymphocytic leukaemia,Yes,No,No
tall cell carcinoma with reversed polarity,Yes,No,No
tenosynovial giant cell tumour,Yes,No,No
teratoma of the fallopian tube,Yes,No,No
teratoma of the mediastinum,Yes,No,No
teratomas with endocrine differentiation,Yes,No,No
testicular tumours,Yes,No,No
tfe3-rearranged renal cell carcinomas,Yes,No,No
tfeb-altered renal cell carcinomas,Yes,No,No
the angiofibroma family of tumours,Yes,No,No
the chondrosarcoma family of tumours,Yes,No,No
the fibroma thecoma family of tumours,Yes,No,No
the germinoma family of tumours,Yes,No,No
thecoma,Yes,No,No
thoracic smarca4-deficient undifferentiated tumour,Yes,No,No
thoracic tumours,Yes,No,No
thymic carcinoma,Yes,No,No
thymic carcinoma nos,Yes,No,No
thymic carcinoma with adenoid cystic carcinoma-like features,Yes,No,No
thymic neuroendocrine neoplasms,Yes,No,No
thymic tumours within the thyroid,Yes,No,No
thymoma,Yes,No,No
thyroblastoma,Yes,No,No
thyroid c cell-derived carcinoma,Yes,No,No
thyroid epithelial tumours,Yes,No,No
thyroid follicular nodular disease,Yes,No,No
thyroid tumours,Yes,No,No
thyroid tumours of uncertain histogenesis,Yes,No,No
thyroid tumours of uncertain malignant potential,Yes,No,No
transformations of indolent b-cell lymphomas,Yes,No,No
transitional cell metaplasia,Yes,No,No
treatment-related neuroendocrine prostatic carcinoma,Yes,No,No
trichilemmal carcinoma,Yes,No,No
trichoadenoma,Yes,No,No
tubal hyperplasia,Yes,No,No
tubo-ovarian abscess,Yes,No,No
tuboendometrioid metaplasia,Yes,No,No
tubulosquamous polyp,Yes,No,No
tumour like lesions with b-cell predominance,Yes,No,No
tumour-like lesions,Yes,No,No
tumour-like lesions with t-cell predominance,Yes,No,No
tumours in the fibroma thecoma group,Yes,No,No
tumours of ectopic tissues,Yes,No,No
tumours of mullerian type,Yes,No,No
tumours of orbital bone,Yes,No,No
tumours of the epididymis,Yes,No,No
tumours of the external auditory canal,Yes,No,No
tumours of the eyelid,Yes,No,No
tumours of the lacrimal drainage system,Yes,No,No
tumours of the nail unit,Yes,No,No
tumours of the neurosensory retina,Yes,No,No
tumours of the retinal pigment epithelium,Yes,No,No
tumours of the sellar region,Yes,No,No
tumours of the seminal vesicle,Yes,No,No
tumours of the testicular adnexa,Yes,No,No
tumours of the uveal tract,Yes,No,No
tumours of uncertain derivation,Yes,No,No
tumours of uncertain histogenesis,Yes,No,No
tumours with follicular differentiation,Yes,No,No
tumours with sebaceous differentiation,Yes,No,No
tunnel clusters,Yes,No,No
type a thymoma (including atypical subtype),Yes,No,No
undifferentiated carcinoma of the thymus,Yes,No,No
undifferentiated sarcoma,Yes,No,No
undifferentiated sarcomas,Yes,No,No
undifferentiated small round cell sarcomas,Yes,No,No
undifferentiated small round cell sarcomas of the thorax,Yes,No,No
undifferentiated uterine sarcoma,Yes,No,No
ungual fibrokeratoma,Yes,No,No
unicentric castleman disease,Yes,No,No
urethral neoplasms,Yes,No,No
urothelial tumours,Yes,No,No
uterine leiomyoma,Yes,No,No
uterine leiomyosarcoma,Yes,No,No
uterine tumour resembling ovarian sex cord tumour,Yes,No,No
uveal melanocytic tumours,Yes,No,No
uveal neoplasms,Yes,No,No
vaginal adenosis,Yes,No,No
vascular malformations (name to be discussed),Yes,No,No
vascular tumours of bone,Yes,No,No
vascular tumours of orbital bone,Yes,No,No
venous haemangioma,Yes,No,No
venous malformations,Yes,No,No
verrucae,Yes,No,No
verrucous carcinoma of the bladder,Yes,No,No
well-differentiated neuroendocrine tumour,Yes,No,No
well-differentiated papillary mesothelial tumour,Yes,No,No
well-differentiated papillary mesothelial tumour of the pleura,Yes,No,No
white sponge naevus,Yes,No,No
wilms tumour,Yes,No,No
wolffian tumour of the ovary,Yes,No,No
xanthelasma,Yes,No,No
yolk sac tumour of the mediastinum,Yes,No,No